INSCRIÇÃO,CÓDCURSO,RED,IDIOMA,1,2,3,4,5,6,7,8,9,10,11,12,13,14,15,16,17,18,19,20,21,22,23,24,25,26,27,28,29,30,31,32,33,34,35,36,37,38,39,40,41,42,43,44,45,46,47,48,49,50,51,52,53,54,55,56,57,58,59,60,61,62,63,64,65,66,67,68,69,70,71,72,73,74,75,76,77,78,79,80,81,82,83,84,85,86,87,88,89,90
1711016,1,590,ING,A,A,A,B,D,D,D,A,D,B,A,C,C,D,B,E,A,C,E,A,D,B,D,B,A,B,C,E,E,D,A,B,D,C,D,B,A,C,C,E,B,A,A,B,B,B,A,B,C,B,A,D,D,B,C,A,B,B,D,E,A,D,A,B,C,D,C,A,E,D,D,C,B,A,D,B,E,C,B,E,B,E,A,E,E,B,C,B,E,A
1711017,1,430,ING,B,A,C,E,D,D,B,A,D,E,A,C,C,D,B,E,D,C,B,A,E,B,E,C,D,B,A,E,C,C,A,B,B,C,E,B,A,B,C,A,D,A,A,E,B,A,C,D,D,B,A,C,C,D,B,C,B,B,A,D,C,A,A,C,D,D,C,E,E,C,D,C,B,A,A,B,E,D,A,D,B,C,B,B,C,E,C,B,E,A
1711018,1,660,ING,D,C,C,B,D,,C,E,E,E,A,C,D,D,B,A,B,C,A,E,E,B,B,C,D,B,E,D,E,D,A,B,B,C,E,D,A,C,C,A,D,B,A,B,B,A,E,B,E,D,C,C,D,D,C,B,E,B,A,E,B,C,A,B,D,D,B,C,A,D,E,C,E,B,A,B,A,D,A,A,B,C,C,D,A,A,D,B,A,E
1711019,1,490,ING,B,C,B,E,E,D,D,E,B,E,A,E,D,D,C,E,C,C,E,A,D,C,B,C,D,A,A,A,D,C,B,B,A,E,A,B,C,D,A,E,A,A,B,E,A,C,D,E,D,B,A,C,A,E,B,D,D,A,A,B,C,C,E,C,D,D,D,E,C,C,B,B,A,A,A,B,C,A,A,E,C,D,C,C,B,E,B,A,C,C
1711024,1,580,ING,B,D,A,B,D,E,D,A,D,B,D,C,B,E,B,C,C,A,B,A,E,C,A,E,D,B,A,E,B,C,A,A,E,C,E,D,B,D,E,E,A,D,A,A,B,A,D,B,C,B,A,C,D,D,C,D,A,E,A,A,E,C,B,C,E,E,B,A,B,A,B,D,E,A,A,C,B,A,B,A,B,E,A,A,C,A,D,D,C,E
1711025,1,410,ING,B,A,C,B,D,D,D,E,B,E,A,C,C,B,B,A,A,C,E,E,A,C,E,D,C,E,E,D,B,B,D,B,B,C,E,D,D,C,E,A,B,A,D,D,C,C,E,B,A,E,A,C,B,D,C,D,D,C,A,D,A,B,E,E,E,C,E,D,A,D,D,C,E,A,D,D,E,D,A,D,B,B,B,B,E,E,E,B,B,C
1711028,1,410,ESP,E,B,C,A,B,D,D,A,E,E,A,C,E,D,B,E,C,A,B,E,E,B,E,D,A,C,E,C,B,D,A,E,C,D,B,D,C,E,C,E,E,B,C,B,E,C,D,A,E,D,E,A,B,E,E,D,E,E,E,A,C,A,A,A,C,E,B,E,A,C,B,A,B,B,D,E,A,E,B,B,D,E,B,A,D,D,C,C,A,D
1711030,1,640,ING,D,A,C,D,D,E,D,E,C,E,A,C,C,C,B,C,A,C,A,A,D,B,D,C,D,E,E,D,C,D,D,B,B,D,E,D,B,C,C,A,E,B,C,B,A,A,E,B,C,E,A,A,B,D,E,A,E,D,A,C,D,B,B,C,E,D,C,C,B,C,C,A,E,A,A,D,E,A,B,D,B,E,D,A,C,B,D,A,B,E
1711032,1,410,ING,B,E,A,B,D,D,B,C,E,B,D,C,C,B,B,C,B,C,C,A,E,B,B,C,D,B,C,E,A,D,E,D,D,A,E,C,C,E,C,C,A,A,C,E,B,A,E,D,D,B,A,C,B,B,A,D,B,A,E,B,E,A,A,B,C,D,A,A,C,D,E,C,E,C,A,B,E,B,A,A,B,D,A,B,A,E,C,B,D,C
1711033,1,720,ING,D,A,C,B,D,E,C,E,D,E,A,C,A,A,B,E,C,C,B,A,B,C,A,C,D,B,E,D,C,D,A,B,E,A,E,E,A,C,E,E,E,B,A,E,A,E,C,B,A,D,D,B,D,E,B,E,A,A,A,E,C,A,C,E,C,D,B,D,E,A,B,A,C,D,A,B,E,A,A,A,B,C,A,E,A,D,E,A,E,D
1711036,1,760,ING,D,A,C,B,D,D|E,A,A,D,E,A,C,E,D,D,D,D,C,A,A,E,C,C,C,D,B,B|E,B,B,D,A,B,B,C,E,D,A,C,C,C,A,D,A,E,B,C,E,A,C,A,A,B,C,D,B,D,D,B,E,A,B,B,E,E,E,D,B,A,E,B,E,A,B,D,E,B,A,D,E,B,A,C,C,D,D,D,E,C,C,A
1711037,1,370,ING,D,A,C,C,D,D,D,E,D,E,A,C,B,D,B,A,B,C,E,E,E,C,E,C,C,B,A,D,A,D,C,B,C,C,D,B,A,B,E,A,E,C,C,D,B,E,B,A,C,E,D,B,A,A,A,A,B,C,A,D,A,B,A,C,E,C,C,E,E,D,C,B,E,B,A,B,A,E,A,C,B,B,B,E,A,D,D,E,B,E
1711038,1,370,ING,B,C,A,C,D,E,E,A,E,B,A,C,D,D,B,A,A,C,B,A,D,C,D,C,D,E,D,E,D,D,A,D,E,A,A,D,E,C,C,B,A,B,A,A,A,A,D,C,A,B,B,D,C,B,E,C,A,B,A,B,D,C,C,E,B,D,D,B,A,D,C,B,C,E,C,B,A,D,E,D,B,C,A,D,C,D,C,B,A,E
1711039,1,400,ING,B,A,A,B,D,D,D,A,B,E,A,C,C,D,B,E,B,C,E,A,D,C,,D,D,B,,E,E,D,A,C,B,C,E,B,C,C,C,,B,D,,E,A,A,A,D,D,B,A,A,C,A,E,D,B,E,E,E,A,B,E,D,D,A,C,D,E,E,A,B,D,A,A,B,E,A,,A,A,A,,B,A,A,D,C,C,E
1711042,1,390,ING,D,C,B,B,D,D,D,E,E,B,A,C,C,B,B,C,D,C,B,D,D,B,E,C,D,D,A,E,B,D,B,B,E,C,D,B,B,C,C,A,E,B,B,A,B,C,D,B,C,C,A,E,C,D,B,D,E,A,E,D,C,C,A,D,C,C,C,E,D,D|E,E,D,,D,A,B,E,D,B,C,C,B,B,C,D,A,D,B,D,B
1711051,1,520,ESP,E,D,A,E,E,E,E,C,A,B,A,E,D,D,A,B,B,C,E,D,C,B,E,E,B,A,A,A,C,D,A,B,E,C,E,E,C,C,C,A,E,C,E,A,B,A,C,B,B,B,C,C,B,D,C,E,A,A,E,B,D,B,A,D,B,D,D,B,E,C,A,B,A,A,D,A,C,B,D,B,C,A,E,D,A,D,B,A,B,C
1711056,1,460,ESP,A,E,E,B,E,D,C,A,B,B,A,E,C,A,B,E,A,C,C,A,A,C,B,C,D,E,E,E,E,D,A,B,E,E,E,D,B,C,C,C,A,D,A,A,B,B,A,A,C,B,C,C,A,D,A,D,E,C,E,B,A,C,C,E,D,D,C,B,A,D,B,C,B,B,A,B,E,D,B,D,B,D,D,B,C,E,D,A,B,C
1711057,1,550,ING,A,A,C,B,D,E,C,E,D,B,A,C,D,C,B,C,E,C,A,A,B,B,E,C,D,E,E,C,A,D,A,B,E,B,D,A,C,B,C,D,E,D,E,B,B,A,B,B,E,A,A,E,B,A,B,C,C,C,E,D,A,B,A,B,C,D,A,D,E,C,B,C,A,E,A,A,A,D,E,B,A,E,B,B,A,A,C,A,A,A
1711059,1,430,ING,B,D,C,B,D,E,D,A,D,B,A,C,C,C,B,D,A,C,E,A,E,B,A,C,D,B,E,D,E,B,A,B,B,D,D,B,A,C,C,A,E,A,C,B,B,A,D,C,C,C,A,D,D,D,B,A,B,D,E,D,C,A,B,E,D,D,B,A,C,E,D,A,C,B,D,B,C,E,B,C,C,A,D,A,C,E,B,A,D,A
1712004,2,650,ING,A,A,C,B,D,E,B,A,D,B,A,E,C,C,B,E,E,C,C,A,D,C,A,C,A,E,E,E,B,D,A,B,C,C,E,A,E,B,D,A,E,C,A,B,C,A,C,B,B,D,A,D,D,C,B,D,E,A,E,A,A,C,C,C,E,D,D,C,A,A,D,B,E,C,A,B,B,D,E,A,B,D,C,A,C,D,D,B,E,B
1712007,2,600,ING,E,A,D,B,D,A,D,A,B,E,D,C,C,D,B,E,E,C,E,A,D,C,A,A,D,B,E,D,A,D,A,B,B,C,E,D,B,C,C,E,B,D,A,B,B,,C,D,D,B,A,B,D,A,E,B,A,C,A,C,E,B,A,B,D,D,B,D,E,D,A,C,A,C,D,B,C,A,D,C,A,D,D,E,B,B,D,B,A,D
1712008,2,480,ING,D,A,E,B,D,A,C,A,B,B,A,B,C,C,B,E,B,C,D,A,E,B,C,D,D,C,D,E,A,D,A,B,B,C,E,A,E,C,C,C,E,A,A,B,B,A,E,D,E,E,A,B,E,B,D,A,B,C,A,D,A,B,E,C,E,D,B,D,A,D,C,B,C,A,A,B,B,D,A,B,B,D,B,D,C,A,E,C,B,D
1712009,2,470,ING,E,A,A,B,D,A,D,E,D,B,A,C,C,B,B,E,E,C,E,A,A,B,E,E,B,B,E,E,E,D,A,D,C,C,E,D,B,C,C,A,B,A,E,B,C,A,D,B,C,B,A,D,D,D,E,D,E,A,E,B,E,A,A,C,D,D,D,A,D,D,A,C,E,D,D,B,E,A,A,D,B,C,B,E,E,A,D,B,C,E
1712010,2,730,ING,D,A,C,B,D,D,D,A,D,E,A,C,C,D,B,B,A,C,A,A,D,C,C,E,A,E,D,,B,D,,A,E,C,E,E,B,C,C,C,B,A,E,B,A,C,E,E,C,D,A,C,C,E,E,E,B,A,E,D,,B,A,B,,D,B,B,B,E,A,D,D,E,C,C,,C,B,B,B,D,D,E,E,E,A,B,C,E
1712011,2,850,ING,B,A,C,B,D,D,B,A,D,B,A,C,C,D,B,C,D,C,A,A,C,C,C,D,D,B,B,C,E,D,A,B,D,C,E,B,C,C,C,C,E,A,E,E,B,A,C,A,B,B,C,B,D,A,A,A,B,A,A,B,A,A,A,E,E,A,B,A,C,D,A,C,B,A,D,B,E,B,C,C,D,,D,B,C,E,C,B,A,A
1712012,2,810,ING,B,B,C,B,D,D,D,A,D,B,A,E,C,D,B,E,A,C,A,A,D,B,A,C,D,B,E,E,A,D,A,B,B,C,E,B,A,C,C,C,E,A,D,A,B,A,C,A,D,B,A,C,C,A,A,D,D,E,A,E,A,B,A,C,D,A,A,B,C,D,C,B,E,A,A,B,E,C,A,B,B,D,B,C,A,C,D,E,A,D
1712013,2,710,ESP,E,B,C,B,B,D,D,E,D,B,D,C,C,B,B,E,B,B,B,A,C,B,A,C,E,B,E,E,A,D,A,B,E,C,E,D,D,C,C,A,E,B,A,E,B,A,C,B,C,B,C,C,D,E,B,E,B,E,D,E,E,C,A,C,D,D,A,C,A,A,A,C,E,A,D,B,E,C,C,C,A,D,B,B,C,E,C,B,B,E
1712014,2,0,ING,E,A,C,B,B,B,D,E,D,B,A,C,C,D,B,E,A,C,A,A,A,C,E,C,D,B,E,A,E,D,A,B,C,E,D,A,C,C,C,E,B,A,A,A,B,A,E,A,B,B,A,D,D,A,B,D,E,B,E,A,A,C,E,B,D,D,B,E,E,E,C,C,D,A,D,B,C,B,B,C,B,C,B,A,D,D,C,B,B,E
1712016,2,530,ING,D,D,D,B,D,E,D,A,D,E,A,E,D,D,A,E,B,C,B,A,D,B,E,C,D,B,B,C,D,D,A,B,B,C,E,D,B,C,C,C,B,A,C,B,B,A,E,D,A,D,A,B,C,B,A,E,B,E,A,D,E,C,A,B,D,D,C,A,E,D,B,C,B,E,A,B,D,A,B,B,E,C,A,B,A,A,C,B,E,E
1712017,2,430,ING,D,E,E,B,D,A,D,B,D,B,D,E,B,D,B,A,A,A,A,A,A,C,E,C,B,B,A,C,B,B,A,A,E,C,E,B,A,C,C,B,B,D,A,B,B,A,A,B,D,B,D,C,D,A,B,A,B,B,E,D,B,C,A,B,D,D,D,E,C,D,C,A,A,A,A,B,E,D,C,B,B,,B,B,D,E,A,B,B,C
1712018,2,800,ING,D,E,C,B,B,D,B,A,E,E,A,C,C,D,B,E,C,C,E,A,D,C,D,C,D,B,B,E,E,D,A,B,B,C,E,B,A,C,D,E,B,A,A,A,C,A,D,B,D,E,A,B,C,A,D,D,E,A,A,E,A,B,C,D,E,C,B,E,A,C,A,A,A,D,A,B,C,D,B,B,A,E,B,A,A,A,D,C,A,D
1712021,2,450,ING,B,A,C,C,C,B,D,D,B,E,A,B,D,B,A,B,C,C,D,B,E,B,B,D,A,B,E,A,C,D,A,A,B,C,E,A,E,B,C,B,B,C,D,C,E,A,C,C,C,E,D,D,B,D,C,C,B,B,D,E,D,B,D,C,B,E,D,C,B,E,E,D,C,E,A,B,D,E,C,D,B,D,D,B,C,D,C,D,B,E
1712023,2,530,ESP,E,C,C,A,B,A,C,A,D,B,A,C,E,A,B,E,B,C,E,A,A,B,B,C,E,B,E,E,D,D,A,B,B,C,E,B,C,E,C,A,A,B,A,B,B,A,B,B,C,B,A,A,C,D,B,D,B,C,E,E,E,B,A,B,E,D,A,A,A,D,A,C,E,D,D,C,A,E,B,B,A,C,D,A,A,B,C,B,E,E
1712024,2,620,ING,E,A,C,B,D,D,B,E,D,E,A,E,C,D,B,C,B,C,B,A,A,C,A,C,D,B,B,E,E,D,A,B,E,C,E,A,D,C,C,D,E,A,A,B,B,A,D,D,C,D,A,B,D,B,B,B,E,B,E,D,A,C,C,B,D,C,C,A,C,A,A,C,E,D,D,B,E,C,C,A,B,C,D,E,D,D,E,B,E,E
1712025,2,420,ING,A,A,C,B,D,D,B,A,D,B,A,C,E,A,B,E,A,D,A,A,A,C,A,C,D,B,E,D,E,D,A,B,B,C,E,D,A,C,C,C,B,A,E,B,B,E,A,B,C,B,C,D,D,A,C,D,B,C,E,A,A,B,A,C,D,D,A,A,A,D,B,C,E,A,D,B,E,C,B,B,B,C,D,B,E,A,D,C,B,E
1712027,2,800,ESP,D,C,C,D,B,D,B,E,D,E,A,E,C,A,B,E,A,C,E,A,E,B,C,C,D,B,B,D,E,D,A,A,B,C,E,D,A,C,C,D,B,A,B,B,B,E,C,B,C,B,A,D,D,A,B,D,E,D,E,E,E,B,A,C,D,E,B,C,D,D,D,B,A,D,D,B,E,C,B,A,B,C,B,B,C,E,C,E,A,E
1712029,2,850,ING,E,D,C,B,D,A,B,A,D,B,A,B,C,D,B,E,D,C,E,A,E,B,A,C,D,B,E,E,C,D,A,B,B,C,E,A,B,C,C,E,B,A,C,E,B,C,C,B,C,D,A,C,C,B,D,D,B,A,E,E,C,A,A,C,E,D,B,A,E,B,C,C,B,A,D,B,E,A,B,B,A,C,E,B,C,A,C,E,C,A
1712031,2,600,ING,E,E,C,D,D,D,C,E,B,B,A,E,C,D,B,C,A,C,B,A,A,B,B,E,D,B,A,A,C,D,A,B,E,C,E,D,B,C,C,E,E,B,A,B,B,A,A,B,C,B,A,B,D,C,B,D,B,B,E,A,A,B,B,B,C,E,D,E,E,A,D,C,E,D,D,B,E,D,D,B,B,B,D,E,C,A,E,C,E,D
1712032,2,630,ING,E,A,C,B,D,D,D,A,D,B,A,A,B,B,B,E,D,C,E,A,A,B,D,C,D,B,E,D,D,B,A,B,C,C,E,B,A,C,C,C,E,A,A,D,B,E,A,C,C,B,C,A,C,A,C,D,B,E,E,B,B,A,A,B,D,D,B,C,C,C,D,B,E,A,A,D,A,C,B,B,B,C,A,B,C,B,B,A,C,C
1712033,2,700,ING,E,E,C,B,D,A,D,A,D,B,D,C,C,B,B,E,D,C,A,A,C,C,C,C,D,B,E,D,C,D,A,B,B,A,E,A,A,C,C,C,B,D,E,A,A,A,C,B,C,B,A,C,C,E,B,D,B,A,E,D,A,B,A,E,D,C,B,A,D,D,D,B,A,E,D,B,E,B,A,B,B,C,B,B,E,B,B,E,A,E
1712034,2,440,ING,B,A,C,B,D,D,D,E,D,E,A,E,C,D,B,E,A,A,A,A,A,C,A,C,E,D,A,C,A,D,A,B,B,C,E,D,D,D,C,E,B,A,E,B,B,A,D,A,C,E,A,C,E,D,D,B,E,B,A,D,B,B,D,C,A,E,B,B,B,E,B,D,A,C,D,B,C,E,B,C,B,D,E,A,A,D,B,E,C,A
1712035,2,390,ING,D,A,C,D,D,B,D,E,D,E,A,C,D,B,B,E,B,C,A,A,A,B,D,D,D,B,B,D,E,D,A,B,C,C,B,D,D,B,C,E,E,A,C,B,B,A,C,B,C,D,C,D,B,E,E,C,A,C,A,D,B,C,E,C,E,E,C,D,E,D,E,B,E,A,A,D,C,C,A,C,B,B,B,B,C,D,D,E,C,E
1712036,2,700,ESP,C,D,A,B,B,D,D,E,D,B,D,E,E,A,B,E,C,C,E,B,D,C,A,A,D,E,A,C,D,D,A,B,B,C,E,C,B,C,E,,E,E,C,B,B,A,A,B,D,B,A,B,B,D,B,B,A,B,A,D,E,A,A,D,E,D,C,E,D,D,,,,,,,,,,,,,,,,,,,,
1712037,2,450,ING,B,A,C,B,D,A,B,A,D,E,A,C,C,B,B,E,B,C,E,A,A,B,E,B,C,B,E,E,A,D,A,B,C,C,E,D,A,B,C,A,B,A,A,B,B,A,C,B,D,B,A,B,B,A,B,A,B,C,A,B,A,A,A,D,C,E,D,E,B,D,A,B,E,B,D,B,E,D,A,B,B,E,A,B,D,A,C,A,A,D
1712039,2,590,ING,D,A,E,B,D,D,D,A,B,E,A,C,B,D,B,E,D,C,E,A,E,B,D,C,D,B,E,E,A,D,A,B,E,C,B,A,C,C,C,B,B,A,B,D,B,A,E,A,C,B,A,C,D,D,D,D,E,C,E,E,B,B,A,D,D,E,B,A,D,D,B,B,E,E,A,B,D,C,C,A,B,C,B,E,C,C,D,A,D,C
1712040,2,380,ING,B,A,C,B,D,A,B,A,D,B,A,C,B,D,B,E,B,C,A,A,A,B,E,C,D,B,E,E,D,D,A,A,B,C,E,D,A,B,C,A,B,A,A,E,B,A,C,B,C,D,A,C,D,B,E,D,E,E,A,E,D,B,A,A,E,C,C,D,D,A,D,A,B,D,D,B,E,C,A,B,B,D,B,B,D,B,D,C,E,B
1712042,2,410,ING,D,A,C,B,D,D,B,A,D,E,D,C,C,D,B,C,D,C,E,A,D,C,C,C,D,B,E,A,E,D,A,B,B,C,E,A,D,C,C,C,B,B,A,E,B,C,B,B,D,B,C,B,C,E,A,E,D,A,A,E,A,C,A,B,D,C,B,A,E,D,D,C,E,D,C,B,E,C,E,B,C,C,E,B,C,A,A,B,B,E
1712043,2,480,ING,A,A,A,B,C,D,D,E,D,E,A,C,C,B,B,E,A,C,C,A,D,C,B,C,B,B,E,E,A,D,A,B,C,C,E,D,A,B,C,A,B,D,A,B,B,C,C,B,C,B,A,D,C,E,B,D,B,B,A,E,A,D,A,C,E,D,B,A,A,D,D,B,C,A,A,B,E,B,D,D,B,E,B,B,C,A,B,C,B,D
1712045,2,860,ING,D,A,C,B,D,D,B,E,D,B,D,D,C,D,B,E,A,C,D,A,A,B,A,C,D,B,E,E,E,D,A,B,E,C,E,A,A,C,C,A,E,A,A,A,A,B,C,D,D,B,A,D,C,D,E,E,B,C,E,D,A,D,A,C,D,C,C,B,E,C,D,B,E,A,D,B,E,B,B,B,B,C,B,E,E,E,D,A,D,E
1712046,2,620,ESP,A,A,C,D,B,D,D,E,E,B,B,E,C,A,B,A,B,C,B,A,E,C,B,D,C,E,A,A,D,D,A,B,B,C,E,A,D,C,A,A,B,D,D,A,B,A,E,B,C,E,A,E,D,A,C,D,D,C,A,A,B,B,D,E,E,D,E,A,C,C,D,B,D,A,A,C,E,B,B,C,C,C,A,D,B,B,E,A,C,E
1712047,2,520,ESP,E,C,C,D,B,E,E,A,D,B,A,E,C,B,B,E,D,C,B,A,D,B,A,C,D,B,E,E,E,D,A,D,E,C,E,D,A,C,C,C,B,A,D,A,A,A,C,B,C,E,A,C,C,A,D,E,B,D,E,E,B,B,A,B,D,D,B,C,D,A,D,B,E,A,D,E,E,E,E,E,B,C,E,B,C,A,C,B,C,D
1712048,2,690,ING,E,A,C,B,E,D,D,D,B,E,A,E,C,A,B,D,C,C,A,A,D,B,A,C,D,B,E,E,A,D,A,B,C,C,E,D,C,C,C,A,B,C,E,B,C,A,E,E,D,E,A,C,C,D,E,C,B,A,E,E,A,D,C,B,D,B,B,A,C,D,B,C,E,A,D,B,E,C,E,B,B,E,B,B,E,D,D,A,B,B
1712049,2,400,ING,D,A,C,B,D,E,D,A,D,E,A,C,E,D,B,E,B,C,A,A,B,D,A,C,D,B,E,E,A,D,A,B,C,A,E,A,C,B,C,E,B,A,A,B,B,B,C,B,C,B,A,D,C,E,E,C,D,A,A,B,C,B,E,A,B,C,B,E,D,E,A,B,A,C,D,D,E,B,D,A,B,C,E,A,D,B,D,E,C,A
1712050,2,560,ING,B,A,C,B,D,D,B,A,D,B,D,C,B,B,B,E,B,C,E,A,E,C,B,C,D,B,E,D,E,D,A,B,E,C,E,D,A,C,C,C,E,D,C,E,C,A,C,D,C,D,C,B,C,A,B,A,B,C,A,D,A,A,A,C,E,D,B,E,E,C,B,B,E,A,D,B,B,B,B,C,B,C,A,A,E,C,C,C,C,C
1712052,2,470,ING,D,A,C,B,D,E,C,A,D,B,A,E,B,D,B,E,B,C,E,A,D,C,A,D,D,B,D,E,E,B,A,B,B,C,B,D,D,C,C,B,B,A,E,B,A,A,A,B,E,B,A,B,D,A,B,D,B,A,A,A,A,B,A,D,C,D,B,A,A,D,A,B,D,D,D,B,C,D,D,A,B,C,B,B,B,C,A,B,B,D
1712054,2,600,ING,E,A,C,B,D,E,C,A,D,B,A,C,C,A,B,E,A,C,A,A,E,C,E,D,D,B,E,E,B,D,A,B,C,C,E,B,D,C,C,D,B,A,E,A,B,A,B,B,C,B,A,C,B,A,D,E,B,C,A,A,A,B,A,E,D,D,C,E,E,C,C,B,A,D,C,B,A,D,B,C,B,C,E,B,D,B,C,D,A,E
1712056,2,850,ING,D,A,C,B,D,E,B,A,D,E,D,B,C,A,B,E,B,C,B,A,E,C,A,D,D,B,E,E,E,C,A,D,B,C,E,D,B,C,C,E,B,A,E,B,B,A,C,B,C,A,A,E,D,B,A,D,B,C,D,B,A,B,A,C,D,E,D,E,E,D,D,C,B,A,A,B,A,C,A,D,B,C,D,B,D,E,C,E,A,E
1712057,2,520,ING,E,A,A,B,D,D,D,A,D,B,A,C,C,D,B,E,D,C,A,A,C,C,B,C,E,B,E,E,B,D,A,B,B,C,E,D,D,C,C,A,B,B,C,B,A,A,C,A,E,E,A,B,D,B,B,A,B,B,E,B,C,A,D,B,E,E,B,D,E,C,B,C,A,B,A,E,E,D,A,B,B,D,E,B,C,E,E,C,B,E
1712059,2,450,ING,D,D,C,B|C,B,E,D,A,B,B,D,C,B,A,B,E,D,C,A,A,E,C,C,C,D,B,A,E,C,D,A,B,B,C,E,A,C,B,C,C,E,A,B,A,A,A,C,A,C,E,C,A,C,A,B,B,D,C,E,A,A,B,A,E,D,C,B,E,A,D,C,B,C,A,D,B,E,D,B,A,B,C,B,E,E,B,E,A,C,E
1712060,2,590,ING,A,E,C,B,D,E,B,A,D,B,A,C,C,A,B,E,B,C,E,A,D,B,D,C,D,B,A,D,B,D,A,B,B,C,E,D,A,C,C,B,E,A,A,E,A,E,C,B,C,B,A,C,D,A,C,A,B,C,E,B,A,C,A,C,D,D,C,A,A,C,B,C,B,A,A,B,E,D,C,A,B,B,A,B,C,E,E,A,B,E
1712062,2,780,ING,A,A,C,B,D,D,B,A,D,E,A,C,C,B,B,E,E,C,A,A,A,B,E,C,D,B,E,D,E,D,A,B,B,C,E,D,A,C,C,A,A,A,E,B,B,C,C,C,E,A,A,A,D,C,B,B,E,B,E,B,A,D,D,D,E,D,A,A,C,D,D,A,A,E,A,B,A,B,C,D,B,A,B,B,C,D,D,E,C,E
1712063,2,580,ING,D,A,C,B,D,D,B,B,B,E,A,C,C,A,B,E,B,C,E,A,A,C,E,C,E,B,B,E,E,D,A,B,B,C,E,B,B,B,C,A,B,A,A,B,A,A,C,C,D,D,A,B,D,A,E,B,B,D,A,B,A,B,C,B,E,D,C,A,E,D,A,E,C,A,D,B,D,C,A,C,B,E,A,B,D,A,B,E,C,E
1712064,2,680,ING,B,D,C,D,D,D,D,A,D,E,A,C,E,D,B,E,D,C,E,A,E,B,B,C,D,B,B,E,D,D,A,B,E,C,E,D,D,C,C,A,B,A,A,B,C,A,C,D,C,B,A,D,D,D,C,D,B,E,A,E,C,C,A,E,D,C,C,E,E,D,E,C,E,D,D,B,B,B,B,C,B,B,D,B,C,E,D,B,C,A
1712065,2,670,ING,B,A,C,B,B,D,D,D,D,E,A,C,D,D,B,E,C,C,E,A,D,C,E,C,D,B,B,E,A,D,A,B,C,C,E,D,B,C,C,A,B,A,E,E,B,C,E,B,C,E,A,D,C,D,D,E,B,B,E,B,D,A,D,E,E,D,C,D,E,C,E,C,B,B,D,B,D,C,D,A,B,B,B,B,D,D,C,B,C,A
1712066,2,770,ING,D,A,C,B,D,D,C,A,D,E,D,E,C,B,B,E,D,C,E,A,D,B,B,C,D,A,E,E,D,D,A,B,C,C,E,D,C,C,C,A,B,A,E,E,A,A,A,A,C,B,A,C,D,B,B,D,B,D,E,E,A,C,A,D,E,D,B,D,E,D,C,C,E,A,A,C,E,B,A,B,B,B,E,B,C,D,D,A,B,E
1712067,2,590,ESP,D,B,C,D,B,A,D,E,D,B,A,C,B,A,B,E,B,C,A,A,A,C,D,D,E,B,E,E,A,D,A,B,E,C,E,B,A,C,C,C,E,B,A,A,A,A,E,B,C,B,A,C,D,A,C,D,E,C,E,C,A,B,B,B,E,D,C,E,B,E,B,B,D,A,D,B,E,A,A,B,B,C,A,B,E,B,A,B,C,D
1712071,2,470,ING,B,A,E,B,B,B,D,E,D,E,A,E,B,D,B,E,A,C,C,A,A,B,,C,A,B,D,D,E,B,A,B,E,C,E,D,A,C,C,B,B,B,E,A,B,D,C,E,C,A,A,C,D,A,,B,A,A,E,D,E,B,A,D,A,D,B,A,E,D,D,C,C,A,D,B,E,C,B,D,B,A,D,B,E,A,B,A,A,E
1712072,2,480,ING,B,A,A,B,D,D,E,A,B,E,D,C,B,D,B,E,D,C,E,A,A,B,E,C,D,B,B,E,E,D,A,B,C,C,E,A,B,C,C,C,B,A,E,B,A,A,B,A,C,B,A,C,D,A,B,B,E,A,E,E,A,A,A,C,E,D,B,E,C,D,D,A,D,D,D,B,E,C,A,B,B,D,D,B,B,C,B,C,A,D
1712073,2,610,ING,B,A,C,B,D,D,D,A,D,B,D,C,C,A,B,E,B,C,A,A,A,C,D,C,D,B,E,E,A,D,A,D,E,C,D,D,A,C,C,C,B,D,B,A,B,E,C,A,C,B,A,B,D,A,D,D,B,D,E,E,A,A,A,C,E,C,B,A,E,B,D,B,C,D,D,B,B,C,B,B,B,C,D,B,E,D,A,E,C,D
1712074,2,400,ING,D,A,E,D,D,A,D,A,E,B,A,C,C,A,E,A,A,C,C,A,E,C,C,C,B,B,A,E,E,E,E,A,B,B,E,E,A,B,C,C,E,A,E,A,C,A,A,B,C,B,A,B,C,B,C,D,B,A,E,B,C,B,A,D,E,E,B,E,E,A,C,A,B,E,C,B,B,C,A,A,B,D,A,B,C,A,C,A,E,D
1712075,2,770,ING,E,A,B,B,D,D,C,E,E,B,A,C,C,D,B,C,A,C,A,A,A,B,C,C,D,B,E,D,D,D,A,B,B,C,E,D,C,C,C,A,B,B,C,A,A,A,E,A,C,D,A,B,C,D,B,D,B,E,A,E,E,B,A,B,E,C,C,E,D,A,D,B,E,A,A,B,E,C,D,A,B,C,B,E,C,B,B,A,E,E
1712076,2,550,ING,D,A,C,B,D,A,D,A,D,E,A,C,C,A,B,E,D,C,A,A,A,C,A,C,C,B,D,E,B,D,A,A,D,C,E,A,A,C,C,C,D,A,E,E,A,A,A,C,C,B,A,D,D,E,E,B,B,C,E,C,D,B,E,A,C,C,B,D,A,D,C,B,B,C,A,D,E,D,B,B,B,D,B,B,D,D,C,A,E,D
1712077,2,420,ING,B,A,C,B,D,D,B,A,D,B,A,D,C,D,B,E,A,C,A,A,A,C,B,C,D,B,E,E,D,D,A,B,B,C,E,D,A,B,C,E,A,A,C,E,B,A,C,B,D,B,A,B,C,A,C,A,B,C,E,C,A,B,A,C,D,C,B,A,E,D,D,C,E,C,D,B,E,C,B,B,B,C,E,B,C,E,A,D,A,C
1712079,2,0,ING,B,E,C,A,B,B,D,E,D,E,A,C,C,B,B,E,A,C,E,A,D,B,A,D,D,B,E,D,D,D,B,B,B,C,E,D,A,C,C,C,B,A,E,B,A,B,D,A,E,B,A,E,D,A,B,C,A,E,B,C,D,B,D,C,C,A,E,D,C,B,A,B,D,D,A,C,A,B,E,C,C,A,E,C,B,A,E,D,D,C
1712081,2,610,ING,D,E,C,B,D,D,B,A,D,B,D,C,C,B,B,E,A,C,D,A,A,C,D,D,D,E,E,D,E,D,A,B,B,C,E,B,A,C,C,B,B,D,E,B,A,C,C,D,B,B,A,C,C,D,E,B,E,B,E,B,D,D,A,A,E,D,B,D,E,C,E,B,C,D,D,B,E,A,B,D,B,C,A,B,C,D,D,A,E,A
1712083,2,730,ING,D,C,C,D,D,D,C,A,E,B,A,C,C,A,B,E,B,C,E,A,D,B,B,D,D,B,E,E,E,D,A,B,E,C,E,E,C,C,C,D,B,B,E,B,C,A,E,B,D,B,A,B,B,E,D,D,C,C,E,E,A,D,D,C,E,D,C,E,E,D,D,E,E,A,D,B,E,A,A,A,B,B,B,B,E,A,D,B,D,B
1712087,2,670,ING,B,D,C,B,D,D,B,A,D,E,A,E,C,D,B,E,D,C,A,A,D,C,D,D,D,B,E,E,E,D,A,B,B,C,E,B,A,C,C,A,B,A,A,E,A,A,C,B,D,B,A,D,E,E,D,A,B,E,E,E,E,C,A,C,E,C,C,D,D,D,D,C,E,A,E,B,E,E,B,C,B,A,A,C,C,D,C,A,B,E
1712088,2,490,ING,D,A,C,B,C,A,B,A,D,B,D,C,C,D,B,E,B,C,D,A,E,B,C,C,B,A,D,D,D,D,A,B,E,C,D,A,D,C,C,C,B,B,B,D,A,A,B,B,C,B,A,B,D,D,D,D,A,D,E,D,A,D,A,B,C,C,B,E,E,D,C,C,E,D,A,B,D,D,B,B,A,D,D,B,C,C,D,D,D,E
1712089,2,590,ING,A,A,C,B,D,D,D,A,D,B,A,C,C,B,B,E,D,C,E,A,D,C,D,D,D,B,D,C,B,C,B,B,D,B,A,D,D,E,B,C,D,C,B,A,D,B,E,B,A,A,A,C,C,D,D,D,B,C,E,B,A,B,A,C,B,C,B,D,C,B,A,D,E,A,C,D,B,D,E,C,B,B,C,A,B,E,C,D,C,D
1712090,2,620,ING,B,A,C,D,D,D,D,D,D,B,A,C,C,C,B,C,D,C,A,A,A,C,A,C,D,B,E,D,A,D,A,B,A,C,E,D,C,C,C,A,B,D,A,B,B,A,C,B,D,B,C,C,E,D,A,A,B,B,E,E,E,B,A,D,C,C,C,A,A,D,,A,A,A,D,B,A,A,A,A,A,A,A,B,E,A,A,D,A,E
1712091,2,420,ING,E,E,C,B,C,D,D,A,D,B,A,E,C,A,B,E,C,C,A,A,E,C,A,C,D,B,E,E,A,D,A,B,B,C,E,E,A,B,C,C,B,A,A,E,B,A,C,A,C,B,A,B,D,C,C,D,B,A,A,B,E,A,A,B,A,E,B,A,E,D,A,A,E,A,D,C,E,B,C,B,B,A,C,A,E,D,B,B,E,E
1712092,2,430,ESP,E,B,C,C,B,D,D,A,B,E,A,C,C,D,B,E,A,C,E,A,A,C,C,C,D,B,E,E,A,D,A,D,B,C,E,D,A,B,C,E,B,B,E,A,B,A,C,B,C,C,A,C,D,B,B,D,B,B,E,E,E,B,A,D,C,D,C,A,E,D,A,B,A,A,A,C,E,D,E,B,B,B,B,B,E,A,A,A,E,D
1712095,2,760,ING,D,C,C,B,D,D,D,A,D,E,E,C,C,A,B,E,A,C,E,A,E,B,A,C,D,B,E,D,B,D,A,B,D,C,E,D,B,C,C,E,B,C,E,B,B,A,A,E,D,A,A,B,D,A,C,A,B,C,A,B,E,B,A,E,D,D,A,E,E,E,C,C,E,D,D,B,B,C,B,A,B,C,A,B,C,B,D,C,E,E
1712096,2,450,ING,B,A,C,D,C,D,D,A,B,E,A,C,D,D,B,B,D,C,A,A,E,D,E,C,E,B,A,E,E,D,A,A,B,C,E,D,C,C,C,D,B,A,A,A,A,A,C,C,C,E,A,D,C,D,B,A,E,B,A,E,A,D,A,B,E,C,C,A,E,D,B,C,E,D,A,C,E,C,A,C,B,C,B,B,D,E,C,B,A,D
1712097,2,380,ING,A,A,E,D,D,E,D,A,B,E,A,C,B,A,B,E,B,C,A,A,E,C,A,C,D,B,E,E,B,B,A,B,A,C,E,D,C,C,C,A,E,A,B,A,B,A,E,C,C,A,A,A,E,A,C,B,E,A,A,E,A,D,A,D,D,E,C,E,A,D,C,,E,D,D,E,E,A,A,B,B,D,B,B,C,A,D,B,C,E
1712098,2,630,ING,E,D,C,B,D,D,D,A,B,E,A,C,C,D,B,A,D,C,E,A,E,B,E,C,C,C,D,E,A,D,A,B,B,C,E,A,E,C,C,B,E,A,E,E,B,A,C,B,C,B,C,D,D,E,D,A,B,A,D,D,A,B,E,B,E,D,B,E,E,C,D,B,E,E,A,B,B,E,B,C,A,D,B,B,C,A,B,C,E,D
1712100,2,700,ING,B,A,E,B,D,E,B,A,D,E,A,C,C,D,B,E,D,C,E,A,E,B,E,C,D,B,E,A,E,D,A,B,E,C,E,D,E,C,C,E,E,D,E,A,B,C,C,B,D,B,C,B,C,B,A,D,B,D,A,D,D,B,E,C,E,E,B,C,A,D,D,C,A,D,C,B,C,D,B,A,A,D,B,B,D,B,D,D,D,E
1712101,2,400,ESP,E,D,C,B,B,E,D,A,D,B,D,C,C,B,B,E,D,C,A,A,D,B,B,C,D,E,E,D,E,D,A,B,B,C,E,B,B,C,C,B,B,A,C,B,B,A,C,B,E,B,A,B,C,A,B,E,D,B,E,A,E,C,A,E,D,C,A,A,E,A,B,C,D,A,D,B,C,A,A,C,B,C,B,B,D,E,B,B,D,E
1712106,2,460,ING,D,C,C,B,C,B,C,A,B,E,D,C,C,B,B,E,B,C,E,D,A,D,A,C,E,C,E,E,D,A,A,A,B,C,E,C,C,B,C,D,A,A,B,B,B,B,E,C,C,B,A,D,D,E,B,D,B,B,E,B,A,B,A,B,D,D,C,C,C,D,A,A,A,,A,B,D,D,A,C,B,A,B,C,E,E,B,D,B,B
1712107,2,680,ING,A,B,D,B,B,E,B,E,B,B,A,C,C,B,B,A,D,C,A,A,A,B,B,C,D,B,E,A,A,D,A,D,B,C,E,B,C,C,C,E,B,A,A,A,B,A,A,D,D,B,A,C,D,A,B,A,B,C,E,E,A,B,A,C,D,D,C,A,E,D,A,C,A,A,A,B,A,E,B,B,D,C,B,D,C,A|C,C,A,A,C
1712109,2,560,ESP,A,E,C,D,B,A,B,A,B,B,A,D,D,D,B,C,D,C,A,A,D,B,C,C,D,B,E,D,E,D,A,B,C,C,E,D,A,C,C,E,E,A,A,B,B,A,C,B,C,B,C,D,B,A,B,A,B,A,A,E,A,B,A,C,E,D,B,A,B,D,C,C,D,A,D,B,E,D,B,C,B,A,B,B,C,C,A,A,A,A
1712112,2,410,ING,D,A,C,B,D,D,D,E,D,E,A,C,C,A,B,E,E,C,E,A,E,B,B,B,D,B,E,D,E,D,A,B,B,C,E,D,A,C,C,A,B,A,E,A,B,A,E,C,A,B,A,E,D,A,B,D,C,E,E,B,C,C,D,B,C,D,B,D,B,D,D,C,A,C,A,B,E,B,E,C,A,E,A,C,A,D,B,C,D,C
1712113,2,760,ING,D,A,C,B,D,D,B,A,D,B,A,C,B,D,B,C,A,C,A,A,A,B,A,C,D,B,E,D,E,D,A,B,B,C,E,D,E,C,C,E,A,A,E,A,A,E,C,B,D,B,A,C,C,B,D,D,B,C,A,E,A,A,C,A,D,E,C,C,E,C,C,C,E,A,D,B,D,D,A,B,B,C,D,B,C,B,C,B,A,E
1712114,2,710,ING,E,A,C,B,D,A,C,A,B,E,A,C,C,C,E,E,A,C,B,A,A,B,A,C,D,A,E,E,A,D,A,B,B,C,E,B,A,C,C,C,B,A,C,B,B,A,E,B,C,D,A,B,E,B,D,E,B,E,E,B,C,B,C,C,E,E,B,A,A,D,D,C,E,D,D,B,D,E,D,D,B,E,A,E,C,A,C,D,A,E
1712115,2,600,ING,E,A,C,B,D,D,D,E,D,B,A,C,C,D,D,C,B,C,B,A,D,B,A,C,D,E,E,B,A,D,A,E,B,C,E,B,C,B,C,A,E,D,B,A,B,C,C,A,C,A,A,B,B,B,B,B,A,A,E,B,E,B,E,E,C,D,B,E,A,E,D,C,A,A,D,B,C,E,E,A,B,E,D,B,E,B,C,C,A,E
1712116,2,640,ESP,C,C,A,E,A,D,B,A,B,E,D,C,B,B,B,E,D,C,E,A,D,C,E,C,A,B,D,D,E,D,A,B,B,C,E,D,B,C,C,E,B,A,A,A,C,C,B,D,C,B,A,D,B,A,A,D,B,B,A,A,A,C,A,B,D,E,A,A,E,A,E,C,B,A,A,B,E,D,A,B,B,E,A,B,C,E,D,C,B,C
1712118,2,740,ING,B,A,C,B,D,D,D,A,D,B,D,C,B,B,B,E,A,C,A,A,D,B,D,C,D,B,A,E,E,D,A,B,B,C,E,B,A,C,C,E,B,A,A,A,B,A,E,B,A,D,A,B,C,C,E,D,B,A,A,E,D,B,A,C,D,E,B,A,E,C,D,B,E,C,A,B,A,A,B,D,E,E,C,B,E,E,A,D,C,E
1712119,2,490,ING,D,A,C,B,D,D,B,A,D,B,A,C,C,B,B,E,A,C,E,A,E,C,E,C,D,B,E,E,B,D,A,B,B,D,E,B,A,C,C,D,D,A,E,A,B,A,E,A,C,B,A,B,E,E,D,D,B,A,E,E,E,A,B,B,D,D,C,C,C,C,E,B,A,B,C,D,E,D,C,A,B,C,D,D,C,E,B,C,A,C
1712122,2,540,ESP,D,B,C,D,B,D,B,A,C,E,A,C,C,B,B,E,B,B,A,A,E,B,B,C,D,D,E,E,E,D,A,B,B,C,B,D,B,C,C,C,E,A,A,A,B,A,E,B,C,D,A,D,D,C,E,A,C,D,A,B,A,D,A,B,E,D,D,A,C,C,C,B,E,A,A,E,B,D,B,B,B,D,A,E,D,B,C,E,B,C
1712123,2,430,ESP,E,D,A,B,B,D,D,A,D,E,D,C,C,C,B,A,B,C,B,A,A,B,E,C,A,B,B,E,B,D,A,B,C,A,D,B,D,B,C,A,B,A,B,B,A,A,C,B,C,E,A,D,C|D,C,B,B,B,B,E,B,E,B,C,E,D,B,B,E,E,A,B,C,D,,C,B,C,C,B,A,B,A,A,B,A,D,D,B,A,A
1712129,2,570,ING,A,C,C,D,D,D,D,E,B,E,D,E,C,D,B,E,E,B,D,A,D,C,D,C,D,A,E,E,E,D,A,B,C,C,E,D,A,C,C,B,E,E,A,A,C,A,B,B,B,A,A,C,E,A,C,B,D,A,E,A,A,A,D,B,D,E,A,C,C,B,A,E,E,D,D,A,C,C,D,A,B,A,E,A,A,D,A,C,A,A
1712130,2,560,ESP,D,B,C,B,B,A,C,A,D,E,A,C,D,A,B,E,C,A,E,A,D,C,A,D,D,B,E,E,E,D,A,B,B,C,B,C,A,C,C,A,B,D,E,D,B,A,D,A,C,D,A,B,D,D,B,B,B,B,E,E,E,C,E,D,E,C,C,A,E,C,E,C,E,D,D,D,E,A,B,A,B,C,E,B,E,E,E,B,A,C
1712132,2,610,ING,A,A,C,B,D,A,D,A,D,E,A,B,C,A,B,E,B,C,A,A,D,B,E,C,D,B,E,E,E,D,A,C,B,C,E,D,E,C,C,C,A,D,C,B,B,A,E,B,E,B,A,A,D,B,B,E,B,E,E,E,A,B,A,C,E,E,D,C,E,D,A,B,E,A,A,E,B,A,B,A,B,A,E,B,D,E,A,C,B,E
1712135,2,640,ESP,E,C,C,D,B,A,B,E,D,B,A,E,C,D,B,E,A,C,E,A,D,B,C,C,B,B,B,E,E,D,A,B,B,A,E,D,A,C,C,A,B,A,A,B,B,C,E,A,C,B,A,D,A,A,B,C,C,D,A,E,D,D,A,B,D,E,B,A,A,C,C,B,D,A,A,B,D,C,C,D,B,A,B,C,B,E,A,D,B,E
1712137,2,560,ING,E,A,E,C,D,E,C,B,E,E,A,C,C,A,B,C,E,C,B,A,A,B,E,C,A,B,E,E,C,D,B,B,E,C,E,D,B,C,C,A,E,B,E,A,A,A,D,A,C,D,A,E,C,E,D,B,E,A,A,C,A,E,,B,E,C,D,D,A,D,D,B,E,B,A,C,D,E,D,B,B,A,B,A,C,E,D,B,D,C
1712138,2,670,ING,D,B,A,B,A,D,B,A,D,B,A,E,D,A,B,C,E,C,A,A,D,C,C,C,D,B,E,E,B,D,A,B,B,C,E,D,A,C,C,A,B,B,A,E,C,A,E,B,C,B,A,A,D,D,A,A,D,D,E,C,E,E,C,A,E,E,C,E,E,D,A,C,B,D,A,B,A,A,A,D,B,C,B,B,A,B,A,B,C,E
1712139,2,530,ESP,B,C,C,E,B,A,E,A,E,B,A,C,C,D,B,E,B,C,E,A,D,C,B,C,B,B,E,B,D,D,A,E,C,C,E,B,C,C,C,A,B,A,E,A,B,B,A,A,C,D,C,C,B,A,C,D,E,E,E,C,C,A,A,B,C,D,C,D,B,A,A,A,A,A,A,A,D,E,A,C,A,B,C,A,A,A,C,A,C,D
1712140,2,550,ESP,D,C,A,B,B,E,C,D,D,B,A,C,C,A,B,A,E,C,E,A,,C,D,D,E,B,E,D,A,D,E,B,C,C,D,D,B,C,E,B,B,A,C,B,B,A,B,D,E,C,B,B,C,C,D,B,D,C,D,D,B,B,B,D,D,C,,B,D,C,D,,C,,A,B,E,E,E,E,D,B,B,B,B,D,C,C,A,D
1712141,2,480,ING,D,A,A,B,D,B,D,E,D,B,A,C,C,B,B,C,D,C,E,A,D,C,B,C,D,E,E,D,A,D,A,B,E,C,E,A,A,C,C,E,E,E,E,B,B,A,E,B,B,B,A,D,D,D,B,C,A,A,A,B,A,B,E,B,E,D,B,C,E,D,D,A,A,A,A,E,E,D,D,B,B,E,D,B,C,A,A,A,E,E
1712142,2,550,ING,D,A,C,D,D,D,B,A,D,D,A,A,B,B,B,C,E,C,B,A,D,C,A,C,D,B,E,E,E,D,A,A,B,C,E,D,D,C,C,E,B,A,C,E,A,E,A,B,C,B,A,B,D,A,E,D,B,C,E,E,E,B,A,C,E,D,C,E,E,A,D,C,C,C,D,B,B,B,C,C,B,C,B,E,E,E,D,A,A,C
1712145,2,520,ING,E,E,C,B,C,A,E,A,D,B,A,C,C,B,B,E,B,C,C,A,D,B,A,C,D,B,D,C,A,D,A|B,B,B,D,E,B,A,C,C,D,B,B,E,E,B,C,C,A,C,B,A,C,D,B,C,C,E,D,A,,A,B,A,E,A,D,B,E,E,D,C,B,E,A,D,B,B,C,D,B,E,B,D,B,D,E,E,A,C,E
1712147,2,420,ING,D,A,C,B,D,A,B,C,E,E,D,C,C,B,B,E,E,D,B,A,A,B,E,C,B,B,E,B,E,D,A,B,B,B,E,D,A,C,E,D,A,D,B,B,E,A,C,B,B,A,D,C,A,B,B,E,A,D,E,D,D,C,A,D,B,B,C,A,B,C,C,E,A,D,B,B,C,D,B,A,D,E,C,C,B,D,A,E,E,C
1712148,2,0,ING,A,B,D,C,E,E,C,A,D,E,A,C,C,A,B,E,B,C,E,A,E,B,B,C,D,B,E,E,D,D,A,D,B,C,E,B,B,C,C,A,B,A,C,A,B,D,C,D,C,B,C,E,C,D,D,D,E,A,A,D,A,B,C,E,D,D,B,A,E,B,B,C,C,A,A,C,D,E,B,B,C,E,B,A,E,B,C,D,E,D
1712152,2,380,ING,D,A,C,E,D,A,B,E,D,B,A,C,C,B,B,B,D,C,E,A,E,C,D,C,D,B,E,D,E,D,A,B,B,C,E,D,C,B,C,B,B,D,E,E,A,A,C,C,D,B,C,A,D,E,E,D,B,E,A,B,A,A,A,C,E,C,C,D,E,D,D,B,C,A,C,A,A,B,D,C,B,C,B,B,C,B,D,A,C,E
1712157,2,570,ING,E,A,A,E,C,D,B,A,C,E,A,C,C,D,B,E,E,D,C,A,E,B,B,D,D,C,B,C,A,D,A,B,B,C,E,B,B,C,D,A,C,E,B|E,D,C,A,C,B,C,B,A,A,A,B,B,E,E,A,A,C,A,A,A,A,D,D,D,A,B,D,B,C,D,A,B,D,C,B,D,A,B,D,C,B,E,A,C,D,A,B
1712159,2,790,ING,B,A,C,B,A,D,B,A,D,B,A,C,D,D,B,E,C,D,A,A,A,C,C,C,D,C,E,E,B,D,A,B,B,C,E,D,C,E,C,B,B,A,A,A,B,A,B,B,C,B,A,D,C,C,C,B,B,D,A,D,E,C,A,B,E,D,C,A,E,C,C,B,B,D,C,B,E,D,C,D,B,E,A,B,C,B,D,B,A,E
1712160,2,600,ING,D,A,C,B,D,D,A,A,D,E,A,C,A,C,C,C,D,C,A,A,D,B,C,C,A,B,E,D,E,D,A,B,E,C,E,C,D,C,E,A,E,E,C,B,B,E,D,B,C,D,C,B,B,A,E,A,B,C,A,A,A,E,C,B,E,C,C,E,E,C,C,C,E,A,A,B,B,B,B,D,B,E,A,B,D,E,D,A,C,C
1712163,2,0,ING,E,A,C,B,D,D,D,A,D,B,D,E,C,B,B,E,B,C,B,A,A,B,A,C,D,C,E,D,E,D,A,B,E,B,D,A,B,C,C,A,B,A,A,B,A,C,E,B,C,D,A,A,D,B,C,B,B,A,E,A,E,D,C,D,E,A,B,E,E,D,A,C,C,A,D,B,E,C,A,C,B,E,A,B,D,E,D,B,C,C
1712170,2,380,ING,D,A,E,E,D,D,D,E,A,B,A,C,E,B,B,D,C,C,E,A,B,D,A,C,C,B,E,E,E,C,A,B,B,C,E,A,,C,C,E,B,A,A,D,B,C,C,D,D,B,A,C,C,D,D,A,A,C,A,B,E,B,C,A,C,E,A,B,C,B,D,B,C,A,D,C,E,B,D,B,A,E,D,B,D,A,D,A,B,E
1712171,2,730,ING,B,B,C,D,B,D,B,E,C,B,A,C,C,D,B,E,B,C,E,A,E,C,A,C,D,B,E,E,E,D,A,D,B,C,E,D,B,C,C,D,B,D,A,A,B,A,B,B,C,B,A,B,C,E,A,E,B,C,E,A,E,D,B,D,D,D,B,C,E,A,D,B,A,A,D,B,E,B,A,B,A,E,C,B,C,E,C,A,C,D
1712175,2,510,ING,A,E,C,D,D,A,D,A,D,B,A,E,C,B,B,E,A,C,E,A,D,B,D,C,D,B,D,A,A,B,A,B,B,C,E,D,B,B,C,C,E,A,E,A,B,E,C,B,C,E,A,A,D,E,C,D,B,C,E,E,B,A,A,C,D,D,B,C,D,D,D,B,E,A,D,B,C,D,B,A,B,B,E,B,C,E,A,C,A,C
1712176,2,640,ING,D,A,C,B,D,D,D,A,D,B,A,E,C,D,B,D,A,C,E,A,E,B,A,C,D,B,E,D,D,C,A,B,A,A,E,D,B,C,C,C,B,A,A,E,B,C,A,B,C,B,A,D,D,D,E,D,E,C,E,D,A,D,A,C,E,E,C,D,E,C,E,B,E,A,A,B,B,B,B,A,B,C,B,B,C,D,B,B,C,E
1712178,2,510,ING,A,B,B,C,A,B,D,D,D,B,A,A,C,D,B,E,B,C,A,A,D,B,A,C,D,B,A,D,E,D,A,B,B,C,E,E,A,C,C,C,B,B,A,A,B,C,C,D,D,B,A,A,C,A,E,E,B,C,E,C,E,B,A,C,D,C,B,C,A,D,A,B,A,D,D,B,B,A,B,A,B,D,D,A,B,B,B,A,A,B
1712179,2,670,ING,A,A,C,B,D,D,B,A,D,B,A,E,C,B,B,E,B,C,E,A,E,C,A,C,D,B,E,D,E,D,A,A,B,C,E,D,A,C,C,E,B,A,A,E,B,B,C,B,C,B,A,C,C,B,E,D,B,C,A,E,A,D,A,E,D,E,B,D,E,D,D,B,E,A,D,B,E,E,B,B,B,C,A,D,D,A,C,B,E,C
1712181,2,810,ING,D,A,C,E,D,D,D,E,D,B,A,E,C,B,B,E,E,C,B,A,A,C,D,C,D,B,E,D,B,D,A,B,E,C,E,D,D,C,C,E,B,A,A,E,B,A,C,D,D,B,C,C,E,A,C,D,D,A,E,E,A,B,A,E,D,C,B,A,B,D,D,C,E,C,D,B,E,B,D,B,B,D,C,B,E,D,C,D,B,E
1712182,2,540,ING,E,A,C,B,D,D,B,A,D,A,A,C,E,D,B,E,B,C,A,A,A,B,A,C,D,B,E,D,E,D,A,B,B,C,E,A,B,C,C,C,B,A,C,A,B,A,C,B,C,B,A,A,C,A,C,D,B,B,E,E,A,A,A,C,D,D,C,C,C,D,D,B,A,C,A,B,C,A,C,C,B,C,B,B,D,B,D,A,C,B
1712183,2,910,ING,D,A,C,B,D,D,B,A,D,E,A,E,C,B,B,E,A,C,A,A,A,C,C,C,D,B,E,E,B,D,A,B,B,C,E,D,D,C,C,C,B,A,C,D,B,A,C,B,C,B,D,B,C,A,B,D,B,C,E,A,A,A,A,C,E,D,C,A,E,D,D,C,E,A,D,C,D,D,A,C,B,E,B,B,D,E,E,E,B,A
1712184,2,400,ING,D,A,C,B,D,E,D,A,E,B,D,E,C,A,B,E,C,C,E,A,C,C,B,C,D,B,E,A,E,B,A,B,B,E,A,A,D,C,C,B,B,A,A,E,A,C,B,A,E,B,C,B,C,A,B,E,D,B,E,D,D,A,A,B,E,D,B,A,A,D,B,C,C,C,A,B,E,B,B,A,E,D,A,C,D,B,A,A,D,C
1712185,2,580,ING,A,C,C,D,D,D,D,A,D,B,A,E,C,A,B,C,D,C,E,A,E,C,A,C,D,C,E,E,D,D,A,B,C,C,E,B,C,C,C,C,E,A,B,C,B,B,C,B,B,B,A,C,D,A,B,C,B,E,E,B,E,B,A,D,D,D,A,B,C,E,B,C,D,B,A,B,E,C,A,B,A,C,E,B,C,C,A,B,E,D
1712186,2,600,ING,E,A,C,B,C,E,D,E,A,B,A,C,C,B,B,E,B,C,E,A,E,C,C,C,D,B,E,D,E,B,A,B,B,C,E,D,D,C,C,E,B,A,E,B,B,E,B,C,C,B,C,D,C,A,A,E,E,A,A,C,B,C,A,D,C,E,A,D,E,A,D,A,B,C,A,B,A,B,A,A,B,E,B,B,A,D,C,D,B,D
1712187,2,690,ING,B,A,C,B,D,A,B,A,D,E,A,C,C,B,A,E,A,C,A,A,A,B,C,C,D,B,E,D,A,D,A,B,A,C,E,D,C,C,C,C,E,E,A,B,B,B,A,B,A,B,A,D,D,B,C,D,E,B,E,B,A,A,A|C,C,E,D,B,C,B,C,A,C,D,A,D,E,A,D,B,B,A,B,D,B,E,E,B,E,A,D
1712188,2,770,ING,B,A,C,B,B,D,D,A,B,E,A,C,D,B,C,E,A,C,E,A,E,C,A,C,D,A,E,C,A,D,A,B,B,C,E,D,C,B,C,C,B,A,E,B,B,A,C,B,C,B,A,A,D,A,D,B,B,D,E,E,B,A,A,C,D,C,C,A,E,C,D,B,E,D,D,B,B,C,C,C,B,E,A,B,C,C,E,A,D,E
1712189,2,620,ING,B,A,A,E,D,A,D,E,B,E,A,E,B,D,B,C,C,C,E,A,A,B,A,C,D,B,D,E,E,D,A,B,B,C,E,D,B,C,C,C,B,D,E,D,B,A,D,B,E,B,C,B,B,A,B,D,E,C,A,A,E,B,A,B,D,C,E,D,B,A,E,C,E,A,D,B,B,A,D,D,B,C,E,B,C,D,C,A,D,E
1712190,2,430,ESP,E,C,C,E,B,E,B,E,D,B,A,A,C,D,B,A,B,C,B,D,A,B,A,C,A,A,E,A,A,D,A,B,B,C,E,B,A,C,C,C,A,A,E,B,B,A,C,C,C,E,A,D,C,D,E,B,B,D,A,E,B,D,E,A,E,D,D,A,A,C,A,B,A,A,A,B,D,B,B,A,B,C,B,B,D,D,C,A,C,C
1712191,2,860,ING,E,A,C,B,D,D,D,A,D,E,A,E,C,D,B,E,A,C,D,D,D,C,A,C,D,B,E,E,E,D,A,B,C,C,E,A,A,C,C,C,B,B,A,D,B,A,B,B,C,B,A,C,D,B,D,E,B,C,A,E,E,B,A,D,D,D,B,C,A,D,D,B,A,C,A,E,C,D,B,C,B,B,A,B,E,A,B,E,A,D
1712192,2,810,ESP,A,D,A,D,B,D,D,A,C,B,A,C,C,D,B,A,D,C,A,A,E,B,D,C,D,B,B,A,A,D,A,B,B,C,E,D,A,C,C,C,B,A,A,A,A,A,A,B,C,A,A,A,C,A,B,B,B,C,E,D,C,A,B,D,E,C,E,A,B,D,B,D,C,B,D,E,C,C,B,B,B,B,C,A,D,D,C,A,D,C
1712193,2,710,ING,A|D,A|C,C,B,D,E,D,E,D,E,A,C,C,D,B,E,E,C,C,A,A,C,A,C,D,B,E,E,E,D,A,B,B,B,E,B,C,C,C,E,B,A,E,E,A,A,D,D,D,D,C,D,E,A,D,D,B,A,E,E,E,B,A,C,D,D,B,C,E,D,D,B,D,A,D,B,E,C,C,C,B,B,B,B,E,E,A,B,B,A
1712194,2,480,ING,D,C,C,D,D,B,B,D,B,,A,C,E,D,E,E,D,C,E,A,D,C,E,C,D,B,E,B,E,D,A,B,B,C,E,A,B,B,C,C,B,A,E,A,A,B,D,B,E,A,C,C,C,A,C,B,B,A,A,D,A,C,B,D,D,C,B,A,D,D,A,B,A,E,D,B,E,C,C,B,B,D,B,E,C,B,D,A,C,E
1712195,2,490,ING,B,E,C,B,D,A,D,A,D,E,A,C,C,B,B,E,D,C,E,A,A,C,A,C,E,B,E,E,A,D,A,B,B,C,E,B,A,B,C,C,B,A,A,B,B,A,A,B,D,B,A,C,D,A,B,C,B,C,E,D,D,B,A,D,D,D,B,E,A,C,D,B,C,D,A,B,D,C,A,B,B,E,C,B,A,B,B,D,D,C
1712196,2,650,ING,B,E,C,B,D,D,D,E,B,E,A,E,C,D,B,C,D,C,E,A,D,A,B,C,D,B,E,D,B,D,A,B,E,B,E,D,A,B,C,B,A,A,A,D,B,A,C,A,E,B,A,D,D,B,B,D,D,A,A,D,A,B,A,E,E,D,C,E,C,D,D,B,B,A,A,B,E,A,A,A,B,C,D,A,D,D,B,C,C,C
1712197,2,500,ING,B,A,C,B,D,D,B,A,D,A|E,A,E,C,A,B,E,B,C,B,A,A,C,A,D,D,B,E,E,E,D,A,B,C,C,D,D,B,C,C,B,B,A,A,A,A,C,C,E,D,B,A,C,C,D,B,C,,,,,,A,,D,,,,,,,,,,,D,B,,,,,,,,,,,,,,
1713003,3,570,ING,D,A,C,B,D,D,B,A,D,E,A,C,D,D,B,E,E,C,E,A,D,B,A,C,D,B,D,D,E,D,A,B,A,C,E,D,B,C,C,C,B,A,A,B,B,A,A,B,B,B,A,D,D,A,B,A,B,B,D,D,B,A,C,C,D,E,C,E,C,D,B,B,E,D,D,B,A,D,C,B,A,C,D,B,E,E,A,A,B,B
1713004,3,810,ING,A,A,C,B,D,D,B,A,D,E,D,C,C,D,B,E,E,C,D,A,A,C,E,C,B,B,E,E,A,D,A,B,B,C,E,A,C,C,C,C,B,A,A,E,C,A,E,A,C,B,A,D,D,D,D,B,B,C,A,E,E,A,A,C,D,D,C,A,E,D,C,B,E,A,D,B,E,A,A,B,B,C,A,B,C,D,D,E,D,D
1713005,3,400,ESP,E,D,C,E,B,A,D,A,D,E,A,E,B,B,B,E,A,C,A,A,A,B,B,D,D,B,E,D,D,D,B,B,B,C,E,D,C,B,C,B,B,A,B,D,C,A,C,B,C,D,A,A,B,A,C,C,C,B,A,D,C,E,A,E,C,C,D,A,A,A,A,C,C,E,D,B,C,B,C,A,E,D,C,B,B,B,C,C,C,C
1713006,3,800,ING,E,A,C,B,D,D,D,A,D,E,D,E,C,E,B,D,E,C,A,A,D,C,A,C,D,B,E,E,A,D,A,B,B,C,E,C,A,C,C,E,B,D,A,A,B,A,B,B,D,B,A,B,D,B,A,A,D,A,E,D,E,B,C,C,E,D,D,E,D,A,D,C,E,D,D,B,E,C,A,E,A,E,B,B,A,B,B,E,E,E
1713008,3,440,ING,D,A,C,B,D,D,D,B,A,E,A,E,C,B,B,E,A,C,E,A,D,B,A,C,B,B,E,E,E,D,A,B,B,B,E,D,A,C,C,C,B,A,A,B,A,A,A,B,C,B,A,A,D,C,B,A,B,B,D,E,A,B,A,C,C,D,C,E,A,D,E,B,D,D,D,C,E,D,A,A,A,B,A,B,D,A,B,C,B,E
1713009,3,740,ING,E,A,C,B,D,D,B,E,D,B,A,C,C,A,B,C,D,C,E,A,B,C,E,C,D,B,E,C,A,D,A,B,B,C,D,D,A,C,C,A,B,B,C,A,B,A,C,B,C,B,A,C,A,A,B,D,B,A,A,B,D,B,A,D,E,D,B,D,A,D,D,A,B,A,A,B,A,D,B,C,B,A,D,B,D,A,D,A,A,D
1713010,3,500,ING,D,A,C,B,D,D,B,A,D,B,D,E,C,B,B,E,A,C,E,A,E,B,A,C,D,B,B,E,E,D,A,B,B,C,E,D,A,C,C,E,B,A,E,C,B,A,A,A,C,D,A,A,A,E,B,A,B,D,E,E,C,A,A,C,D,D,A,C,A,D,A,B,E,C,D,B,E,D,C,C,B,E,D,E,C,E,E,C,C,A
1713011,3,380,ING,B,A,C,B,D,D,B,A,D,E,A,C,C,D,B,C,B,C,E,A,E,B,A,E,B,B,B,E,A,B,A,B,B,A,E,E,B,C,C,E,B,A,A,B,B,A,C,C,D,D,A,D,D,C,C,E,B,E,E,B,A,D,C,C,C,D,C,A,B,D,A,B,A,A,A,B,A,B,A,C,A,C,E,B,C,D,C,B,D,C
1713012,3,740,ING,B,A,C,B,C,D,B,A,D,E,A,C,C,B,B,C,C,C,E,A,B,B,B,C,D,B,E,C,E,D,A,B,B,C,E,E,A,C,C,B,B,A,D,A,B,A,E,B,D,B,A,C,C,A,B,D,B,D,E,E,A,B,A,B,D,D,C,A,E,D,D,C,E,E,A,E,C,C,C,B,B,A,A,B,E,D,E,E,C,A
1713013,3,660,ESP,E,E,C,D,B,A,D,A,D,E,A,E,C,D,B,E,B,C,A,A,E,C,A,C,C,A,E,D,A,D,A,B,B,C,E,E,E,B,B,E,E,A,A,E,B,A,C,B,E,A,D,B,D,D,A,E,D,B,E,C,E,B,A,E,E,D,D,A,A,D,B,B,E,A,A,B,B,C,B,B,D,E,A,A,C,A,D,E,C,D
1713014,3,710,ING,B,D,C,B,D,D,D,A,D,E,A,C,C,A,B,E,A,C,A,A,A,C,E,C,D,B,D,E,E,D,A,B,B,C,E,B,C,C,C,D,B,A,B,E,B,A,A,B,D,E,A,C,D,A,E,D,E,C,E,E,E,B,A,B,D,D,E,D,E,C,C,B,E,A,A,B,E,C,C,C,B,C,E,B,E,D,C,A,B,C
1713015,3,700,ING,D,A,C,B,B,D,D,A,D,E,A,C,C,D,B,E,D,C,E,A,A,C,D,C,C,B,E,D,E,D,A,B,D,C,E,D,B,C,C,E,B,A,C,A,B,C,A,B,C,C,A,C,D,B,B,E,A,D,A,D,A,B,B,E,D,A,B,D,C,C,C,B,E,D,D,B,E,C,D,B,B,E,B,B,C,A,D,B,C,B
1713016,3,810,ING,B,A,C,B,D,D,B,D,D,E,A,E,C,D,B,E,A,C,E,A,E,C,A,C,D,B,E,E,E,D,A,B,C,C,E,B,A,C,C,C,A,A,A,B,A,B,B,B,C,B,B,A,D,A,B,B,B,B,E,B,B,B,B,B,B,B,B,B,B,B,C,B,B,B,A,B,B,B,B,B,B,B,D,B,B,B,B,B,B,B
1713017,3,460,ING,D,A,C,B,D,A,D,A,D,E,A,C,C,B,B,E,D,C,B,D,E,B,E,C,D,B,B,D,B,D,A,B,B,C,E,A,B,C,C,A,B,A,A,D,B,C,B,B,D,B,A,D,C,E,B,A,B,A,E,A,A,B,A,D,D,D,C,A,A,C,A,B,C,D,A,B,E,C,A,A,B,A,B,D,C,E,E,A,C,D
1713018,3,380,ESP,B,C,B,D,B,D,D,D,D,B,B,E,C,A,B,E,B,C,B,A,E,C,A,D,D,B,E,E,C,D,A,B,B,C,E,E,A,C,C,B,B,B,B,D,B,A,B,B,D,D,A,D,B,D,E,E,B,D,E,E,A,B,A,B,E,D,C,A,E,D,D,C,E,A,D,B,A,C,A,E,C,E,D,B,D,B,D,A,C,D
1713021,3,810,ING,B,A,C,B,A,D,B,A,D,B,A,A,C,D,B,E,A,C,A,A,E,B,E,C,A,B,D,E,E,D,E,B,B,C,E,A,A,C,C,C,B,A,E,E,A,A,A,C,C,B,A,A,A,A,C,D,B,E,E,A,C,B,A,C,D,D,A,A,E,A,C,E,E,C,D,B,E,C,C,B,B,E,B,E,C,D,B,C,C,D
1713022,3,480,ING,D,A,C,B,D,D,B,E,E,E,A,E,B,B,B,C,B,C,B,D,E,B,B,C,C,A,E,D,E,D,A,B,C,C,E,D,A,C,C,B,B,E,A,B,B,A,C,B,C,B,A,A,D,E,D,A,B,B,A,E,A,A,A,E,C,E,C,E,B,D,B,B,B,D,A,B,E,E,A,D,A,E,D,E,C,B,D,A,C,B
1713023,3,440,ING,D,E,D,D,D,A,D,E,D,B|D,D,E,C,A,E,E,C,C,B,A,A,C,A,C,D,B,B,D,B,D,A,B,C,C,E,D,C,C,C,D,B,A,A,A,C,A,A,B,D,D,A,D,C,A,B,D,B,C,A,C,E,B,A,B,D,D,C,E,B,D,A,C,E,D,D,B,B,B,C,B,A,E,E,E,C,A,E,D,C,E
1713024,3,810,ING,D,A,D,B,D,D,D,E,D,B,A,A,B,D,C,E,D,C,A,A,A,C,A,C,D,B,D,D,B,D,A,B,E,C,E,D,C,C,C,C,C,A,B,E,B,A,D,B,D,B,C,D,D,A,B,C,B,C,A,E,D,B,A,D,C,E,A,E,D,A,E,B,E,A,A,E,E,C,C,A,B,C,E,B,D,E,E,B,C,E
1713025,3,410,ING,A,A,C,B,D,A,D,A,D,E,D,C,D,D,B,E,D,C,E,A,E,B,A,C,D,B,E,E,D,D,A,B,B,C,D,D,A,C,C,A,B,A,A,C,B,B,C,B,D,B,A,C,C,E,B,A,B,C,E,B,A,A,C,E,D,D,C,A,D,D,A,C,E,C,A,E,A,D,C,B,B,C,A,B,E,E,A,A,A,E
1713026,3,880,ING,D,A,C,B,D,D,B,A,D,B,A,C,C,D,B,E,A,C,A,A,A,C,E,C,D,B,E,E,E,C,A,B,B,C,E,D,A,C,C,C,D,A,C,E,B,A,C,B,A,B,A,D,D,E,D,D,B,C,E,E,A,A,C,C,D,E,C,A,E,D,D,B,E,A,D,B,E,D,B,B,B,C,A,B,C,D,E,E,A,E
1713027,3,460,ING,B,C,C,D,D,B,B,B,C,D,B,E,A,B,B,E,B,C,D,A,A,B,A,C,D,B,E,A,A,D,B,C,E,C,E,B,E,D,C,D,B,B,A,D,A,A,D,B,C,D,A,B,C,B,D,B,D,A,A,A,C,B,E,C,D,B,C,A,A,E,D,A,C,B,D,C,E,C,A,B,A,C,B,B,D,B,E,C,A,A
1713028,3,400,ING,A,A,C,D,D,E,B,A,D,B,A,C,,D,B,E,D,C,A,A,A,C,A,D,B,E,C,B|C,B,C,C,A,E,D,A,A,B|E,D,E,D,E,A,C,A,D,A,C,B,C,E,A,B,D,D,E,B,B,C,A,D,A,B,A,C,D,D,C,E,A,C,A,C,E,A,A,B,B,C,B,B,B,B,C,D,C,B,B,C,B,A
1713029,3,640,ESP,E,D,C,D,B,A,D,A,D,E,A,E,C,A,B,E,A,B,A,A,D,B,B,C,D,B,E,E,C,D,A,B,A,C,E,B,A,C,C,C,B,A,A,E,B,C,A,B,C,B,A,A,D,A,C,B,B,A,E,D,A,A,A,D,D,D,C,A,E,D,A,B,E,A,D,B,B,C,C,B,B,B,A,B,C,D,C,A,D,A
1713030,3,610,ING,B,D,C,B,C,D,B,E,D,B,A,E,C,B,B,E,A,C,B,A,E,C,A,C,D,E,E,E,C,D,A,B,B,C,E,B,A,C,C,A,B,A,E,B,B,C,E,B,C,B,A,A,B,D,A,A,A,E,E,E,B,A,A,C,D,D,C,C,A,D,D,A,E,B,A,B,C,D,C,B,B,A,A,E,E,E,B,B,C,A
1713031,3,500,ING,B,A,C,D,B,D,B,A,C,E,A,C,B,A,B,E,B,C,E,A,E,B,A,C,D,B,E,E,E,D,A,B,B,C,E,D,A,C,C,C,B,D,A,B,B,A,C,B,C,B,A,B,D,D,C,A,B,B,E,E,A,B,A,E,E,D,D,B,B,D,D,B,E,E,A,B,C,B,B,A,A,A,A,E,E,E,C,E,A,C
1713032,3,430,ING,A,A,D,B,D,E,B,A,D,E,A,C,C,A,B,B,A,C,E,A,E,C,E,C,E,B,A,E,C,D,A,B,B,C,A,A,C,C,C,D,B,A,E,E,E,C,B,B,C,B,C,B,D,D,E,D,E,B,E,B,E,A,C,C,E,A,C,E,D,D,C,C,B,D,D,B,B,A,B,A,A,B,D,B,C,E,E,C,A,B
1713033,3,400,ING,B,D,C,B,C,D,D,E,D,E,D,C,C,C,B,E,B,C,E,A,D,B,A,C,D,B,D,E,B,C,A,B,C,C,E,D,D,C,C,C,D,E,C,A,B,A,C,B,A,B,A,C,C,A,C,B,A,B,A,D,E,C,A,D,D,D,B,E,E,D,B,C,E,B,A,B,E,E,B,A,B,B,E,B,C,B,E,A,A,E
1713034,3,700,ING,B,A,C,D,D,D,B,A,B,E,D,C,B,A,B,C,A,C,A,A,A,C,A,C,D,E,A,E,E,D,A,D,B,C,E,A,E,B,C,A,B,A,A,B,B,A,C,D,D,C,A,C,C,E,B,B,A,C,A,E,A,A,A,E,D,D,C,E,E,D,C,B,E,A,A,B,A,E,D,A,B,E,D,B,C,E,E,A,D,E
1713035,3,570,ING,B,B,D,E,D,D,D,E,B,E,A,E,D,A,B,E,A,C,B,A,A,B,D,D,E,B,C,D,C,D,A,B,E,C,E,D,A,C,E,B,B,D,A,D,B,A,C,B,D,B,A,D,C,D,C,D,B,E,E,A,A,A,A,D,E,E,D,A,E,D,C,C,C,D,A,C,E,B,A,A,B,E,E,B,C,E,A,A,E,C
1713036,3,500,ING,B,A,C,B,D,A,D,A,D,B,A,C,B,D,B,E,C,C,A,A,E,B,C,C,D,B,E,D,E,D,A,B,D,C,E,D,B|C,C,C,D,B,A,A,A,A,A,B,B,C,B,A,A,D,D,C,D,B,A,A,A,E,B,A,B,D,D,C,C,E,D,E,B,E,A,D,B,E,D,A,A,A,A,B,B,E,B,C,C,C,C
1713037,3,610,ING,D,A,C,B,D,D,B,A,B,B,A,C,C,D,B,E,A,C,A,A,E,B,A,C,D,B,B,C,E,D,A,B,B,A,E,D,A,C,C,C,B,A,E,E,B,A,C,B,C,B,A,D,D,E,C,D,B,C,E,D,A,B,A,C,D,D,B,A,E,D,C,C,C,C,D,B,A,D,B,A,B,C,E,B,D,B,E,E,E,E
1713038,3,550,ESP,C,C,A,C,B,D,C,A,D,E,D,C,C,C,B,E,B,C,B,E,E,C,D,C,D,B,E,E,C,D,A,C,B,C,E,D,A,C,C,C,B,A,A,B,B,A,C,B,B,D,A,C,C,C,A,D,B,E,A,D,D,B,A,C,D,D,C,E,D,A,D,B,E,D,D,E,C,B,B,A,E,E,B,D,B,A,D,B,A,D
1713040,3,0,ING,D,A,C,B,D,D,B,A,D,B,A,C,C,D,B,E,D,C,A,A,A,B,A,C,B,B,E,E,E,D,A,B,E,C,E,A,D,C,C,A,B,A,E,D,A,A,E,A,C,D,C,C,B,D,B,A,B,E,E,B,A,A,A,C,D,D,B,D,E,A,C,B,A,A,D,B,E,C,A,A,B,E,B,E,E,D,E,C,B,D
1713041,3,850,ING,D,A,E,B,D,D,B,A,D,E,A,E,B,A,B,E,D,C,A,A,D,C,E,C,D,B,E,D,E,D,A,B,B,C,E,E,A,C,D,A,B,A,A,D,E,A,E,B,A,D,C,D,C,C,B,A,B,E,E,B,A,B,B,C,E,D,B,D,A,A,C,B,E,C,D,B,E,C,D,B,B,E,B,B,C,E,C,D,A,E
1713042,3,420,ESP,D,C,C,E,A,D,B,B,D,E,A,C,E,D,B,E,A,C,A,A,D,C,E,C,D,B,A,E,B,D,A,B,E,C,E,B,D,C,C,B,A,B,A,E,B,A,A,B,A,B,A,C,D,B,C,A,B,C,E,B,E,A,A,C,D,D,A,C,E,D,D,B,E,A,A,B,E,D,A,A,B,C,D,B,D,E,E,E,E,E
1713043,3,380,ING,B,A,A,B,D,E,B,A,D,E,D,C,C,D,B,A,D,C,B,A,A,B,C,C,A,B,E,C,E,D,A,B,E,C,E,D,A,C,C,B,B,A,C,D,B,A,C,A,C,B,A,C,B,E,C,A,B,B,E,E,A,C,A,C,D,D,B,E,A,D,E,B,E,D,C,B,A,D,B,C,C,E,A,C,C,A,B,C,D,E
1713044,3,690,ING,D,A,C,B,D,D,B,B,D,B,A,E,C,D,B,C,A,C,A,A,D,B,D,C,D,B,E,D,D,D,A,B,B,C,E,B,D,B,C,B,B,E,E,E,B,A,B,B,A,B,A,A,D,A,D,E,B,C,B,E,E,A,A,D,D,E,B,C,E,D,C,B,E,C,D,B,D,D,C,B,B,D,E,B,C,E,C,C,A,A
1713046,3,410,ESP,B,D,C,B,B,D,C,A,D,D,A,E,C,B,B,E,E,B,B,A,E,B,D,C,D,B,E,D,E,D,A,D,B,A,E,D,A,C,C,D,B,A,A,D,A,A,E,B,D,B,A,C,B,B,D,E,A,D,E,C,A,A,C,D,C,E,B,D,B,A,D,B,B,D,D,C,C,C,B,C,A,C,B,B,A,B,D,C,A,A
1713047,3,500,ING,B,A,B,C,D,D,B,A,D,E,A,E,C,B,B,E,A,C,A,A,A,B,A,C,B,B,E,E,E,D,A,B,C,C,E,A,C,D,C,A,B,C,E,E,B,A,C,B,B,B,A,A,D,B,C,D,B,C,E,B,A,A,A,E,E,D,C,A,E,D,A,C,E,D,D,B,E,D,B,A,A,E,E,B,D,E,A,E,A,A
1713048,3,740,ING,B,A,C,B,D,D,D,E,E,E,A,C,C,E,B,C,B,C,E,A,D,B,A,C,B,B,E,E,D,D,A,B,B,C,E,D,C,C,C,C,B,A,D,E,A,A,E,D,C,B,A,B,C,D,B,A,C,C,E,B,A,E,A,D,E,D,C,B,A,D,B,C,E,E,A,D,B,C,B,A,D,A,B,E,E,A,A,B,A,E
1713049,3,660,ING,D,A,C,B,D,E,D,A,D,E,A,C,C,B,B,E,D,C,E,A,A,C,D,C,D|E,E,D,D,A,D,A,B,C,C,D,D,E,B,C,C,B,A,E,E,A,A,C,B,C,B,C,B,A,A,B,D,B,C,E,E,D,C,A,C,D,E,C,D,E,D,A,B,A,A,D,E,E,D,C,C,B,A,B,B,E,D,C,E,A,E
1713050,3,380,ESP,E,E,C,E,B,D,E,A,D,B,A,C,C,C,B,C,B,C,C,A,D,C,E,C,D,B,E,C,E,D,D,E,B,C,C,D,A,C,C,B,B,A,C,B,A,C,C,B,C,E,A,C,D,A,C,D,B,A,D,D,D,B,B,B,D,D,C,A,E,D,B,C,E,A,A,B,B,C,B,D,B,C,D,B,E,B,D,B,A,C
1713051,3,780,ESP,E,C,C,E,B,D,B,A,D,B,D,E,C,B,B,E,A,C,A,A,A,C,A,C,D,B,E,E,E,D,A,A,B,C,E,D,A,B,E,C,A,A,E,B,A,B,A,B,C,B,A,D,D,B,C,B,B,E,D,E,A,B,A,A,D,D,A,E,B,A,D,B,E,C,A,B,B,D,B,D,A,B,B,B,C,D,A,A,C,C
1713052,3,670,ESP,A,D,C,A,B,D,D,E,D,B,A,C,C,A,B,E,A,C,A,A,E,C,A,D,D,B,A,A,C,D,A,B,B,C,E,B,D,C,C,B,B,A,B,E,A,A,E,B,A,B,A,D,C,A,D,D,B,C,D,D,E,B,E,C,D,D,B,A,E,C,D,B,E,D,D,B,D,B,E,D,B,A,C,E,C,B,D,A,C,A
1713053,3,640,ESP,E,C,C,A,B,A,B,E,D,B,A,C,B,D,B,A,A,C,B,A,D,C,A,A,D,B,A,E,E,D,A,B,B,A,E,D,A,C,C,A,B,D,A,B,A,A,C,D,D,D,A,D,C,D,B,B,A,A,E,B,D,B,A,C,E,D,C,E,A,D,C,C,E,D,A,C,E,D,B,A,B,B,B,B,A,A,E,A,C,D
1713055,3,610,ING,E,C,A,B,D,B,D,E,B,E,A,C,C,D,B,E,E,C,B,A,E,C,A,C,D,B,A,D,D,D,A,A,B,C,E,D,C,C,C,C,B,A,C,A,B,A,A,A,D,B,A,D,C,A,B,A,B,D,E,D,B,B,A,C,D,D,C,A,A,D,A,B,E,D,E,B,A,B,A,B,B,E,D,B,A,E,A,A,D,C
1713056,3,540,ING,A,C,C,B,D,E,B,A,D,B,A,C,E,B,B,C,A,C,B,A,B,D,E,B,D,B,D,B,D,B,A,B,A,D,A,D,E,C,B,C,E,,B,A,D,A,C,B,C,B,C,A,D,D,B,B,A,A,B,A,A,A,A,C,D,D,B,C,E,C,E,B,E,A,D,B,,C,B,B,B,B,D,A,C,A,E,A,B,C
1713058,3,490,ESP,E,C,C,B,B,E,A,D,D,E,D,E,D,B,B,B,E,C,B,A,A,B,E,D,D,E,D,D,D,D,B,C,E,C,D,D,D,C,D,D,D,E,D,D,D,A,E,A,B,B,A,D,D,D,B,D,B,B,E,B,A,C,A,E,D,C,C,E,B,D,C,C,E,C,D,E,A,E,C,D,D,C,A,B,E,E,A,B,A,
1713059,3,770,ING,D,A,A,B,D,D,C,A,C,B,D,C,D,B,B,E,A,C,A,A,A,C,D,C,D,B,E,C,A,D,A,B,E,C,E,E,A,B,C,A,B,D,A,A,B,C,C,D,E,D,E,A,C,C,D,E,D,B,E,B,A,D,A,D,D,E,A,E,E,D,B,C,C,E,A,B,E,C,B,C,B,E,C,E,B,B,E,D,A,B
1713060,3,640,ESP,A,B,C,A,B,D,B,A,D,B,A,C,D,D,B,E,B,C,A,A,A,B,B,C,D,E,A,C,A,B,A,B,B,B,E,D,B,B,C,B,B,D,E,A,D,A,B,B,C,D,A,E,D,D,E,E,B,A,E,C,E,D,B,C,E,D,A,E,A,D,B,C,E,A,D,B,B,C,A,D,B,E,B,A,C,A,D,A,D,A
1713061,3,550,ESP,B,C,C,B,B,D,D,B,D,E,D,C,B,D,B,E,C,B,A,A,A,B,E,C,D,B,E,E,E,D,A,B,B,C,A,D,C,C,C,C,E,E,C,A,B,A,E,B,E,D,C,C,C,D,C,D,B,A,D,E,A,B,A,C,E,E,D,E,A,A,A,A,D,A,C,B,A,C,B,E,A,D,D,B,D,B,E,A,A,E
1713062,3,590,ING,B,A,C,D,D,D,B,A,D,E,A,C,C,A,B,C,B,C,B,A,A,B,E,C,D,B,B,D,D,D,A,B,B,C,E,D,A,C,C,E,B,A,A,E,B,E,C,B,C,A,A,D,A,A,B,E,C,D,A,E,E,A,A,D,C,D,B,E,D,A,E,C,B,D,D,B,A,E,E,B,B,D,A,E,C,D,D,B,A,E
1713069,3,370,ING,D,C,C,D,D,E,C,E,D,E,A,E,C,A,B,C,D,C,E,A,D,B,E,C,D,E,B,E,A,D,C,B,E,B,E,A,A,C,C,C,B,A,A,A,B,C,E,C,B,B,A,A,B,C,A,A,A,A,D,A,E,C,C,D,D,D,B,A,E,D,D,B,D,A,A,B,C,C,B,A,B,B,B,B,C,E,B,D,D,C
1714002,4,560,ESP,E,C,A,D,B,D,D,E,D,B,A,E,C,D,C,A,B,D,E,E,D,A,B,B,C,E,D,A,C,C,C,B,C,A,E,B,A,C,A,C,B,A,C,B,E,C,E,B,D,A,D,A,B,A,C,D,D,C,E,A,C,D,B,E,D,D,B,B,C,B,D,B,E,D,D,B,B,C,B,D,B,C,B,B,C,E,B,A,A,D
1714004,4,600,ING,B,A,A,B,B,A,C,E,D,B,A,C,A,B,B,E,C,C,B,D,D,B,E,D,C,B,D,D,A,D,A,B,B,C,E,D,A,C,C,D,B,B,A,A,A,A,E,B,C,A,A,A,B,B,C,D,D,D,A,A,C,D,B,B,C,D,D,A,A,D,D,D,D,E,B,D,C,A,A,A,B,E,E,B,E,D,A,A,C,E
1714005,4,710,ING,B,A,C,B,D,D,D,A,D,E,A,E,B,A,B,C,D,C,A,A,A,C,A,C,D,E,E,E,E,D,A,B,A,C,E,B,C,C,C,C,B,A,B,E,B,A,E,B,D,B,A,C,C,D|E,C,B,B,C,E,E,C,C,A,C,D,A,B,D,E,D,C,A,E,A,C,B,E,B,C,E,B,C,B,B,D,A,E,A,A,C
1714006,4,540,ESP,A,B,C,E,B,D,C,D,D,B,D,C,B,E,B,C,E,C,D,A,A,B,E,C,D,B,E,D,E,D,A,A,A,B,E,D,B,C6,C,A,B,A,A,E,B,A,B,A,D,E,A,A,D,E,B,B,B,B,A,B,A,D,C,D,C,E,B,E,E,D,C,C,E,E,C,C,A,D,E,A,B,B,D,A,A,A,A,A,A,D
1714007,4,450,ESP,E,B,C,B,B,D,C,A,B,E,A,C,D,A,B,E,D,A|C,B,A,D,B,B,C,A,B,E,B,A,B,A,C,B,C,B,E,D,C,C,A,A,C,B,A,E,A,B,A,C,B,D,D,B,A,C,B,E,A,D,E,A,C,A,C,D,D,B,A,A,D,C,B,A,A,A,B,E,D,B,E,A,D,C,B,C,B,D,A,C,E
1714008,4,400,ESP,D,C,C,B,B,A,B,E,B,E,D,C,A,B,B,E,D,C,E,A,E,C,A,C,D,B,E,E,E,D,A,B,B,C,E,D,D,B,B,B,B,A,A,C,D,A,C,B,A,B,A,C,D,A,A,A,E,D,E,E,B,D,E,C,E,D,B,E,A,A,B,A,A,D,B,B,E,C,B,D,B,C,D,B,A,B,C,A,D,E
1714009,4,420,ESP,E,C,C,E,B,E,B,A,D,B,D,C,C,B,B,E,B,C,E,A,E,B,B,C,D,B,E,D,E,D,A,B,C,E,B,D,E,C,C,D,B,E,A,A,B,A,D,B,C,A,A,A,C,D,B,D,B,B,E,B,A,D,A,C,D,E,A,C,D,D,C,C,B,A,D,B,E,E,D,A,B,B,D,C,C,E,C,B,E,E
1714011,4,370,ING,B,A,C,B,D,D,D,A,D,E,A,E,C,B,B,B,D,C,E,A,A,B,D,C,D,E,E,D,A,D,A,B,B,C,B,A,A,B,A,E,B,B,A,A,B,E,E,D,C,B,A,D,D,D,C,D,B,C,E,D,E,B,A,E,E,D,B,E,E,A,D,B,B,B,C,C,C,D,D,D,E,E,E,B,A,A,A,A,B,C
1714014,4,560,ING,A,A,C,B,D,A,B,A,D,B,A,C,C,D,B,E,A,C,A,A,E,C,A,A,D,B,E,E,E,D,A,B,C,C,E,D,A,C,C,E,E,B,D,E,B,A,C,D,C,B,A,D,D,D,D,D,B,C,E,E,E,D,A,C,D,D,D,B,E,D,D,B,E,A,D,B,E,C,B,B,B,C,A,B,E,E,A,B,A,E
1714016,4,480,ING,C,E,C,B,D,D,D,A,D,B,A,C,B,D,B,D,E,C,B,A,D,C,A,C,D,E,E,E,C,D,A,A,C,C,E,B,B,C,C,D,B,A,A,E,B,A,B,B,C,B,C,D,B,E,E,A,E,C,A,E,B,A,C,B,A,D,C,E,A,A,A,B,B,A,D,C,A,B,A,D,A,C,A,E,A,B,D,A,C,C
1714017,4,630,ESP,E,D,C,B,B,D,D,A,D,E,A,C,C,C,B,E,B,B,A,A,E,C,E,C,D,B,E,C,B,D,A,B,E,C,E,D,C,C,C,B,B,A,B,E,A,A,E,A,E,D,A,D,B,B,B,D,E,A,E,B,C,D,A,B,D,D,A,E,E,A,B,B,B,D,D,B,E,B,B,B,B,E,B,C,E,D,C,A,A,B
1714018,4,520,ING,B,A,D,E,B,D,D,A,E,E,A,C,D,B,B,A,B,C,A,A,A,C,E,C,E,C,D,C,E,D,D,B,B,C,B,B,E,E,A,A,E,B,C,B,A,A,A,A,C,A,A,D,D,C,E,A,A,C,A,D,A,C,B,A,E,C,E,A,E,D,D,C,A,A,D,B,C,C,B,D,B,C,B,A,A,B,A,D,A,B
1714021,4,400,ESP,D,A,C,D,B,A,D,D,E,E,A,E,C,A,B,A,A,C,E,D,,C,E,C,D,B,E,E,,D,A,B,B,C,E,D,A,C,C,,B,D,A,C,C,A,D,B,B,B,A,C,D,C,D,E,B,E,E,E,E,C,C,B,D,D,D,E,E,D,D,D,A,A,A,B,D,D,D,D,D,D,D,B,,E,B,,D,D
1714022,4,390,ESP,E,D,C,E,B,B,D,B,B,B,A,C,E,A,D,C,B,C,E,A,A,C,B,C,D,B,C,A,D,D,A,D,B,C,C,E,A,B,D,A,B,C,E,D,C,A,E,C,B,B,A,D,B,D,A,D,B,C,E,C,D,B,A,A,C,D,C,A,A,A,D,A,D,B,A,B,C,E,B,D,B,C,D,E,B,D,E,B,A,C
1714023,4,430,ESP,D,C,C,B,B,D,D,A,E,B,D,C,C,C,B,E,D,C,E,A,D,C,D,C,D,B,E,D,D,D,A,B,C,C,E,D,C,C,C,C,B,A,A,A,B,B,C,B,E,D,A,A,D,E,E,D,A,B,B,A,C,A,A,C,E,D,A,E,D,D,C,C,B,A,D,B,C,B,A,B,B,D,D,B,A,A,D,C,A,D
1714024,4,470,ESP,E,C,A,B,A,E,B,A,E,E,A,C,B,A,B,E,B,C,E,A,A,B,E,C,D,B,,D,E,B,A,C,E,C,B,B,E,C,C,C,B,C,,A,B,A,D,C,C,B,A,C,C,E,A,B,B,C,E,C,A,B,D,E,C,D,B,A,E,D,E,B,D,E,A,C,B,C,D,B,B,C,D,B,E,D,C,A,A,D
1714025,4,650,ING,A,A,C,B,D,E,D,E,D,E,A,C,C,D,B,E,A,C,B,A,E,C,B,C,B,E,A,E,E,B,A,B,B,C,E,E,E,C,C,B,B,B,E,A,B,A,E,B,C,B,A,C,D,D,E,E,A,A,A,A,A,C,D,B,D,D,E,E,B,D,C,B,E,D,A,A,D,C,A,A,B,C,B,B,A,B,B,E,A,C
1714026,4,420,ESP,A,D,C,E,B,A,C,E,E,D,D,C,C,A,B,B,B,E,D,A,E,B,E,C,D,C,A,D,C,C,E,A,A,C,A,B,B,D,C,A,B,A,C,B,A,A,E,A,C,A,A,C,C,D,E,A,C,E,A,E,D,A,C,A,E,D,A,D,A,C,C,A,B,A,E,B,D,A,D,E,B,E,D,A,C,A,A,E,B,C
1714028,4,720,ING,B,A,C,B,D,D,B,A,D,B,A,C,D,D,B,E,A,C,A,A,E,C,A,C,C,B,E,E,E,D,A,B,B,C,E,D,A,C,C,A,B,A,E,B,E,A,C,B,E,D,A,A,B,D,B,C,B,C,A,B,A,B,A,C,E,E,B,E,B,D,D,B,E,D,D,B,E,B,B,E,B,C,D,B,C,B,A,B,A,C
1714029,4,0,ING,D,A,C,B,D,D,D,A,D,E,A,E,B,B,B,E,B,C,A,A,A,C,A,C,D,B,E,E,E,D,A,B,E,C,E,D,A,C,C,C,B,A,A,E,B,A,C,B,C,B,A,C,C,D,C,E,B,E,A,B,A,B,A,B,D,E,B,C,E,D,A,C,A|E,A,D,B,B,D,B,E,B,B,E,B,C,E,C,E,A,A
1714030,4,480,ING,B,A,C,B,D,D,D,A,E,E,A,C,E,A,B,E,B,C,E,A,C,C,D,C,D,B,B,E,E,B,A,B,C,C,E,D,D,C,C,B,B,B,E,E,B,A,E,B,C,D,C,D,D,E,A,B,B,A,A,C,B,E,D,D,C,B,D,C,A,D,E,C,A,A,A,D,E,B,D,C,B,E,E,B,E,E,B,A,A,E
1714031,4,400,ING,D,A,C,B,D,D,A,A,D,B,D,C,C,D,A,E,D,C,E,A,E,C,A|D,C,A,A,A,A,A,D,A,B,B,A,E,A,A,C,A,A,B,D,A,B,B,A,A,B,C,B,A,D,D,A,C,A,B,C,E,E,A,B,A,C,D,D,B,A,E,D,A,C,E,C,D,B,E,D,B,A,B,A,A,B,C,E,E,A,B,E
1714034,4,570,ING,D,A,A,B,D,D,B,D|E,E,E,A,C,B,B,B,C,A,C,E,A,D,C,A,C,D,B,D,E,E,D,A,B,B,C,D,B,A,C,C,D,B,A,A,A,B,A,C,B,B,D,A,A,A,A,C,D,B,A,E,B,B,A,A,B,E,D,C,A,A,B,D,C,E,A,D,B,E,C,A,B,B,C,B,B,A,A,D,B,B,C
1714035,4,580,ING,B,A,C,B,D,D,B,A,D,E,A,C,B,B,B,E,B,C,B,A,A,C,D,C,D,B,E,D,E,D,A,B,B,C,E,A,,C,C,E,B,A,C,E,B,B,A,B,C,D,A,C,E,B,B,D,B,A,E,A,E,B,A,E,B,A,D,B,E,C,D,E,E,C,B,A,B,A,D,C,C,C,,A,E,C,B,C,D,A
1714037,4,590,ESP,E,C,C,E,B,D,B,A,D,E,A,E,B,B,B,A,D,D,A,A,E,C,D,B,B,B,C,C,C,D,A,E,E,D,D,D,A,C,C,B,B,A,E,E,E,C,E,E,C,A,A,D,D,B,A,E,E,E,C,C,C,C,A,C,E,D,B,B,B,D,B,B,A,A,D,C,E,E,E,B,A,A,A,C,B,B,B,D,D,D
1714038,4,620,ESP,E,D,C,C,B,E,B,E,B,B,A,E,A,A,D,E,E,C,A,A,A,C,B,C,E,B,D,D,B,D,A,A,E,C,E,E,A,C,C,E,B,B,A,A,C,A,E,B,A,D,A,B,E,B,B,E,B,D,A,B,D,B,A,E,C,C,B,E,A,A,C,B,E,A,D,B,B,B,B,D,B,E,B,D,C,B,E,A,A,B
1714039,4,530,ESP,A,C,C,A,B,D,D,B,D,E,A,C,B,D,D,C,B,C,A,A,D,C,E,C,D,B,E,B,C,D,A,B,C,B,E,B,C,C,C,C,B,D,A,E,A,A,C,B,D,C,C,D,C,C,A,B,B,B,A,D,A,B,A,C,D,D,B,A,E,A,A,B,E,D,A,B,E,C,B,A,B,E,B,B,C,B,C,C,B,A
1714040,4,470,ING,B,A,C,B,D,D,D,E,E,B,A,C,C,B,B,E,D,C,E,A,E,C,D,C,D,B,E,D,E,D,A,B,C,C,E,B,A,C,C,C,B,C,C,E,B,C,E,B,C,D,A,A,C,A,B,D,B,A,E,B,A,C,A,E,D,D,D,E,B,D,B,C,A,D,A,D,D,B,C,B,A,C,B,B,D,D,C,B,A,D
1714041,4,410,ING,B,C,D,D,D,A,D,A,D,E,A,C,D,B,B,E,B,C,C,A,E,B,C,C,B,B,D,C,E,D,A,D,B,A,E,D,D,C,C,E,B,B,B,E,D,A,E,B,C,E,C,D,B,C,C,D,B,A,E,C,A,A,A,C,E,D,B,A,D,A,E,B,D,D,A,B,A,B,B,C,B,E,B,A,E,A,A,B,C,A
1714043,4,590,ESP,C,D,C,A,B,E,B,E,B,E,A,C,B,A,B,A,B,C,A,A,D,B,E,C,A,E,E,D,A,B,A,B,B,A,E,A,B,E,C,D,B,A,C,A,A,A,C,D,A,A,C,A,D,D,E,C,C,B,E,D,D,A,B,E,B,E,D,A,D,D,C,C,C,A,D,C,C,E,B,A,B,D,E,B,C,A,B,E,C,B
1714046,4,690,ESP,C,C,C,A|B,B,E,B,A,D,E,A,E,C,C,B,E,C,C,B,A,E,C,C,C,D,B,A,C,E,D,A,B,C,C,E,B,B,C,C,A,E,A,A,B,B,A,C,C,B,D,A,C,B,D,B,C,B,B,A,D,E,B,A,E,D,D,B,E,D,C,B,E,A,D,B,C,B,B,B,B,B,A,A,A,A,B,D,D,E,D
1714047,4,520,ING,B,A,C,B,D,A,A|D,A,D,B,A,C,B,B,B,E,A,C,E,A,A,B,A,C,D,B,E,C,E,D,A,B,E,C,E,D,A,C,C,E,B,A,A,B,A,A,E,B,D,B,A,B,D,C,B,E,B,C,D,E,A,A,A,C,D,D,B,D,A,D,A,B,A,D,A,B,A,D,A,D,B,C,E,B,E,A,A,E,D,C
1714049,4,400,ESP,D,C,C,D,B,D,B,E,B,B,A,E,C,B,B,,B,C,A,A,A,C,A,C,D,B,E,E,C,D,A,B,B,C,D,A,B,C,,C,B,B,C,A,B,A,C,B,D,D,A,E,D,D,C,D,D,B,B,C,E,B,A,C,D,D,B,E,A,D,D,B,E,D,A,B,B,D,B,A,B,C,E,D,D,A,A,B,A,E
1714050,4,510,ESP,B,C,C,D,B,E,C,E,B,E,A,C,C,A,B,D,E,C,E,A,A,C,E,A,A,E,B,D,A,D,A,B,C,D,E,E,D,C,A,B,B,E,A,A,A,A,C,A,D,A,A,C,B,D,B,C,B,D,A,B,C,C,E,B,C,E,C,E,C,C,B,B,B,A,A,B,C,E,D,B,D,B,A,C,B,D,B,A,C,B
1714051,4,480,ING,B,D,C,C,B,D,D,A,D,B,D,C,C,A,B,E,D,C,A,A,A,B,A,C,D,E,E,D,E,D,A,B,C,C,E,A,B,C,C,D,B,A,E,B,B,A,C,D,C,B,A,A,E,A,C,D,B,C,D,E,A,C,A,C,C,D,C,E,E,A,A,B,A,C,D,B,B,D,B,A,B,D,B,B,E,A,C,A,C,D
1714057,4,440,ING,B,A,A,B,D,D,D,D,D,B,A,C,C,D,C,E,A,C,E,A,D,B,C,C,D,A,E,C,E,D,A,D,E,C,E,C,B,B,C,A,B,D,A,B,A,A,A,B,A,D,A,B,C,A,A,B,D,A,E,D,B,E,D,C,D,C,B,A,E,A,A,C,E,B,A,A,D,C,C,A,B,A,C,D,E,B,D,A,A,E
1714060,4,800,ESP,E,C,A,E,B,D,B,A,D,B,A,C,C,B,B,E,D,C,E,A,A,C,E,C,A,B,E,E,E,D,A,B,B,C,E,D,A,B,C,C,B,A,C,E,B,A,C,B,C,B,A,D,D,A,C,D,B,C,E,E,E,A,A,C,D,D,C,C,E,A,D,B,E,D,D,B,E,D,B,B,B,E,B,B,C,E,A,A,C,E
1714061,4,500,ESP,E,D,C,E,B,D,B,A,D,B,A,C,D,B,B,E,B,C,A,A,E,C,B,C,D,B,E,D,E,D,A,B,C,A,E,A,E,C,C,C,B,A,E,A,A,A,D,A,C,A,C,C,C,C,E,A,D,A,A,A,A,A,A,D,C,D,B,C,C,A,C,C,E,C,A,B,D,B,A,B,A,E,A,B,B,E,B,A,E,A
1714062,4,680,ING,B,A,C,B,D,B,B,A,D,E,A,E,C,D,B,E,D,C,E,A,E,B,A,C,D,B,B,C,A,D,A,B,B,C,E,A,E,C,C,C,B,B,A,E,B,A,E,B,C,B,A,E,C,E,B,D,B,A,E,E,C,D,A,D,D,D,C,A,B,D,D,A,E,A,D,B,A,E,C,A,B,C,D,B,E,E,B,E,C,A
1714066,4,0,ESP,E,E,A,E,B,A,C,E,B,B,D,C,C,D,C,C,C,C,D,D,E,B,B,B,B,B,B,D,E,D,A,D,B,C,C,C,B,B,C,B,C,B,D,A,A,A,B,C,D,B,D,C,B,D,A,E,C,E,A,A,A,A,A,E,A,C,B,A,A,C,B,B,C,B,A,D,B,A,A,A,A,B,E,B,E,D,E,B,C,A
1714068,4,450,ESP,B,C,C,A,B,D,B,B,B,B,A,C,B,A,B,D,D,C,A,A,E,B,A,C,A,B,E,C,C,D,A,B,E,C,E,D,B,C,C,C,B,B,C,D,B,A,D,B,D,A,C,C,E,D,B,A,B,C,A,D,A,B,A,C,E,D,A,E,A,C,E,C,A,D,D,B,E,D,B,C,A,C,B,E,C,B,A,A,C,E
1715001,5,600,ING,D,A,C,B,D,B,D,A,D,B,A,E,A,D,B,E,D,C,E,A,B,B,E,C,D,B,A,D,A,D,A,B,B,C,E,A,D,C,A,B,B,C,D,B,E,A,C,B,C,B,A,C,C,C,E,A,B,C,A,E,A,A,A,C,D,E,B,A,A,D,B,C,E,D,A,C,A,A,B,E,B,C,D,B,D,B,A,B,A,D
1715002,5,860,ING,B,A,C,B,D,D,D,E,D,E,A,E,C,D,B,B,D,C,B,A,E,C,C,C,D,B,E,E,E,D,A,B,B,C,E,E,E,C,C,D,B,A,A,D,B,A,C,D,C,E,A,D,C,E,B,D,D,C,E,E,A,D,E,E,C,C,D,E,D,D,C,C,E,D,A,B,A,C,A,D,B,E,B,E,E,B,D,B,D,A
1715003,5,650,ING,A,A,C,B,C,D,C,A,D,B,A,C,C,A,B,E,B,C,B,A,E,B,E,C,D,B,A,A,D,D,A,D,E,A,E,B,B,C,C,E,B,C,C,A,B,A,E,D,D,D,A,B,C,C,D,A,B,A,A,B,E,B,C,E,E,C,C,B,A,D,B,B,E,A,A,B,D,E,A,E,B,C,B,A,A,A,E,A,B,C
1715004,5,510,ESP,D,D,C,E,B,D,B,A,D,E,A,C,E,C,B,A,A,C,A,A,D,C,E,C,A,B,E,E,E,D,A,B,B,C,E,D,C,B,C,B,B,B,C,A,A,A,B,B,E,B,C,B,D,D,B,B,E,A,E,A,A,C,C,E,D,C,E,E,D,A,D,B,C,D,A,B,E,B,A,A,B,D,D,B,B,D,B,E,A,A
1715005,5,770,ING,B,A,C,B,D,D,D,A,D,B,A,C,B,A,B,E,D,C,A,A,E,C,A,C,D,B,E,E,E,D,C,B,B,C,E,D,A,C,C,B,B,A,E,E,B,B,C,B,B,D,A,D,C,C,D,B,B,C,A,E,A,B,E,D,D,E,B,E,D,D,B,C,E,A,D,B,C,E,C,E,B,B,E,B,D,E,B,B,D,E
1715006,5,640,ING,B,A,C,B,D,D,C,E,E,E,A,E,C,D,B,C,B,C,B,A,E,B,B,E,E,B,E,C,B,D,C,B,A,C,E,A,B,C,D,A,B,B,C,B,B,A,C,B,A,B,A,E,E,C,E,C,B,E,E,E,C,B,D,A,D,E,D,E,A,D,D,B,C,A,D,B,C,C,A,A,B,E,D,A,B,D,C,A,B,B
1715007,5,0,ING,D,A,C,B,D,E,C,A,D,E,A,E,C,B,B,E,B,C,A,A,A,C,E,E,E,D,B,D,A,D,A,B,B,C,E,D,D,C,C,C,B,B,A,E,B,C,C,B,C,D,A,B,B,B,D,D,B,C,A,D,A,B,E,C,E,C,D,E,A,D,B,B,E,D,D,B,A,B,A,A,B,A,E,B,D,D,D,C,E,B
1715008,5,670,ING,B,D,C,D,C,E,C,A,D,B,A,C,C,D,B,E,D,C,A,A,E,C,C,A,D,B,E,E,C,B,A,B,E,A,E,C,C,C,C,E,B,D,A,A,A,E,B,B,C,B,A,C,C,A,B,B,B,A,A,B,A,B,A,C,D,E,B,C,D,C,D,B,A,E,D,E,B,C,E,A,B,A,D,B,D,E,A,C,B,E
1715009,5,640,ESP,E,C,A,E,A,D,B,D,B,B,A,B,C,D,B,E,B,C,B,A,D,D,E,C,B,D,D,E,C,D,A,B,C,C,D,A,B,C,D,B,A,A,E,E,B,B,B,A,C,D,A,C,E,A,E,D,E,B,A,D,E,C,E,A,C,C,C,C,A,D,D,D,D,B,C,B,B,B,B,E,B,B,B,B,C,B,A,A,C,D
1715012,5,650,ING,E,A,A,D,D,A,B,A,C,B,A,B,C,D,B,E,B,C,D,A,E,B,A,C,D,B,D,D,E,D,A,D,E,C,B,D,A,B,D,A,E,D,D,A,C,D,C,B,C,D,D,E,B,A,C,A,D,C,A,B,D,B,B,E,D,C,C,A,C,D,D,C,B,A,A,B,C,C,B,E,B,B,B,B,D,C,D,C,B,B
1715013,5,380,ING,B,A,D,B,D,A,B,E,D,B,D,E,C,A,B,E,E,E,E,A,D,C,A,D,D,B,E,E,E,D,C,B,C,C,E,D,B,C,C,B,B,A,A,A,B,A,B,E,B,B,A,C,C,B,E,B,E,C,E,A,A,C,E,C,C,B,C,A,E,B,C,B,A,C,A,E,C,A,B,A,E,B,C,B,A,B,D,C,D,D
1715014,5,490,ING,C,D,D,B,D,E,D,C,D,E,A,C,C,D,B,C,D,C,E,A,D,A,E,C,D,B,D,E,A,D,D,B,A,C,E,D,B,C,A,B,E,B,E,A,C,D,C,,C,D,E,A,C,C,D,B,D,D,E,A,C,E,E,E,A,D,C,B,A,B,E,E,C,C,D,D,E,D,B,A,B,A,C,B,E,E,A,D,B,A
1715015,5,380,ING,C,D,C,B,D,D,B,A,D,B,A,E,C,D,B,E,E,C,E,A,D,C,E,C,D,B,E,E,E,D,A,B,B,C,D,B,A,C,C,D,B,A,C,E,A,C,B,B,D,E,A,B,C,D,C,E,D,B,A,E,A,A,A,D,C,D,D,A,B,D,D,B,A,C,D,B,E,A,B,B,B,C,A,D,C,E,A,A,B,D
1715016,5,490,ING,D,A,C,B,D,E,D,E,E,B,A,C,C,D,C,B,C,C,E,A,E,B,D,C,D,B,D,D,E,D,A,D,C,D,E,E,B,C,E,A,D,B,B,E,A,A,C,D,C,E,D,B,C,B,B,B,D,B,D,E,A,C,C,B,E,D,A,E,A,A,D,C,E,A,A,C,D,E,A,A,B,D,B,B,C,E,E,A,E,E
1715017,5,660,ING,D,A,C,B,D,D,D,A,E,E,A,C,C,A,B,E,B,A,E,A,E,B,E,C,E,E,E,E,E,D,E,B,E,A,E,D,D,C,C,D,D,E,D,D,A,A,E,B,B,D,A,B,C,E,B,E,E,C,A,A,A,A,A,B,D,D,C,E,A,C,D,B,A,D,D,B,B,D,A,E,A,E,B,E,E,C,E,E,D,E
1715018,5,830,ING,D,A,C,D,D,A,B,A,B,B,A,C,C,B,B,E,B,C,A,A,A,C,C,C,D,B,E,C,E,D,A,B,B,C,E,D,A,C,C,E,B,A,A,E,B,C,E,B,C,B,A,B,B,C,B,A,B,A,A,D,A,A,A,D,D,C,A,B,E,C,C,C,E,D,A,B,E,C,D,A,B,C,D,B,A,C,B,C,B,D
1715019,5,810,ESP,E,C,C,B,B,B,D,A,D,B,A,C,B,B,B,E,D,C,A,A,E,B,A,C,D,B,B,D,E,D,A,B,B,C,E,A,B,C,C,C,B,A,A,B,B,A,C,B,D,B,A,D,D,D,B,C,E,C,E,E,E,B,A,D,E,D,C,A,E,D,D,B,A,D,D,C,A,B,D,A,B,C,B,B,C,A,C,B,A,E
1715021,5,490,ING,B,A,C,B,D,A,D,A,D,B,A,E,A,C,B,E,B,C,A,A,D,B,E,C,D,B,B,D,E,D,A,B,C,C,C,D,C,C,C,C,B,A,B,A,C,A,C,B,C,D,A,A,C,E,B,A,B,C,A,D,A,B,A,C,D,D,C,E,E,D,C,B,D,D,D,B,A,D,B,B,B,C,A,B,E,D,E,A,B,E
1715022,5,660,ING,A,A,C,B,D,D,B,E,A,E,A,E,A,D,B,E,B,C,A,A,E,C,C,C,A,C,E,E,D,D,A,B,B,C,E,D,C,B,C,C,D,B,A,A,A,A,E,B,D,B,C,B,C,D,E,D,B,C,D,C,A,B,A,C,D,C,C,D,E,D,B,B,C,A,A,B,A,C,B,A,B,B,E,B,C,B,C,B,B,C
1715023,5,710,ING,D,A,C,B,D,E,C,E,B,B,A,C,C,D,B,B,B,A,E,D,E,C,D,C,D,B,B,C,E,D,E,B,C,C,E,A,A,C,C,C,A,D,C,B,A,E,C,D,D,E,A,C,C,D,B,D,E,E,E,E,C,A,E,C,D,C,B,D,A,D,A,B,E,A,A,A,A,C,A,E,B,C,B,B,D,A,C,E,C,D
1715024,5,510,ING,D,A,C,B,D,D,D,A,D,B,A,C,C,A,B,E,D,C,E,A,A,B,C,D,D,B,E,E,E,D,A,B,B,C,E,A,E,C,C,E,B,A,E,E,B,A,C,C,E,B,A,B,D,A,B,E,B,C,A,B,E,A,E,D,D,C,B,A,B,D,C,C,E,A,D,B,A,C,C,A,A,E,E,C,B,A,D,B,E,E
1715025,5,0,ING,E,D,C,B,D,D,C,D,D,E,A,E,D,A,B,C,A,C,D,A,D,B,B,C,B,B,B,D,A,D,A,D,B,C,D,B,D,C,E,C,A,A,A,A,B,B,E,A,C,E,A,C,D,C,A,E,B,B,E,E,D,A,C,C,E,D,A,A,A,D,C,B,E,A,D,B,E,B,B,A,D,B,A,D,D,B,E,A,C,D
1715026,5,440,ING,D,A,A,B,C,A,D,A,B,B,A,C,B,D,B,E,D,C,A,A,D,C,E,D,E,B,E,D,A,D,A,B,B,A,B,A,A,C,C,E,E,B,A,A,C,A,E,B,C,A,A,C,D,B,B,A,B,C,A,E,A,D,D,D,D,D,A,A,A,D,C,C,E,A,D,B,D,D,D,A,B,B,E,A,D,B,A,E,D,A
1715027,5,680,ESP,E,E,C,E,B,D,D,A,B,E,D,E,C,B,B,E,B,B,E,A,A,C,B,C,D,B,B,E,E,D,A,B,C,C,E,D,A,C,E,C,B,A,A,E,E,E,B,B,D,D,A,A,C,B,C,E,D,C,A,E,D,B,B,E,C,D,D,E,A,B,D,E,E,C,C,D,A,E,B,B,A,E,D,B,D,A,C,D,D,D
1715029,5,490,ING,A,E,E,A,B,E,C,B,D,B,A,C,C,A,B,E,B,C,B,A,A,B,B,C,D,B,D,C,C,D,A,D,B,C,B,D,B,C,C,B,D,D,C,A,E,A,B,A,E,B,A,C,D,D,E,D,E,B,E,D,B,A,B,A,D,D,D,E,A,D,B,A,B,A,D,C,D,D,B,A,B,E,D,B,E,B,A,D,E,D
1715030,5,630,ING,B,E,A,B,D,A,D,A,B,E,A,E,C,D,B,E,B,C,A,A,E,C,A,C,D,B,E,C,A,D,C,B,B,C,D,D,A,C,C,D,E,D,E,B,C,E,A,A,A,B,,D,D,B,C,A,D,B,B,E,B,C,E,C,E,D,D,E,E,D,E,B,B,A,A,B,B,D,E,D,B,A,C,D,A,A,D,A,B,D
1715032,5,630,ING,D,C,E,B,D,E,C,D,D,E,A,C,C,D,B,E,D,E,A,A,D,B,B,C,D,B,E,D,E,D,A,A,E,C,E,C,D,C,E,C,B,A,A,B,C,A,C,C,C,D,C,A,D,E,C,D,A,B,E,B,C,D,A,C,D,C,B,E,D,A,D,B,E,B,A,B,E,C,B,A,B,A,D,A,C,E,A,D,C,A
1715034,5,460,ING,D,A,B,B,D,E,D,A,D,B,A,C,D,A,B,C,C,C,A,A,D,B,A,C,D,B,E,D,E,D,A,C,B,C,E,D,C,C,C,C,B,D,C,B,B,A,C,B,C,B,A,A,C,A,B,E,E,E,E,E,A,B,A,E,D,E,C,A,E,D,D,B,E,D,A,B,E,C,B,A,B,C,A,B,C,E,E,C,C,D
1715035,5,490,ING,D,A,C,B,D,E,D,A,D,B,D,E,C,E,B,B,B,C,A,A,A,C,B,C,D,B,B,D,E,D,A,B,B,C,D,D,C,C,C,C,B,B,C,B,C,A,E,B,C,D,C,A,D,A,C,C,B,A,E,D,E,A,E,A,A,D,C,B,C,C,D,B,B,A,D,B,A,E,E,A,A,D,B,B,B,D,D,A,C,C
1715037,5,510,ING,B,A,C,B,D,D,E,A,E,B,A,C,C,B,B,C,D,C,A,A,A,C,B,D,A,B,E,E,A,D,A,B,E,B,E,D,D,C,C,C,B,A,E,A,A,A,E,D,C,B,A,B,E,A,A,A,D,E,A,A,A,B,A,B,D,D,B,A,B,A,B,C,B,A,D,B,B,C,D,A,B,D,A,B,D,D,D,C,A,B
1715038,5,710,ING,A,A,E,B,C,D,B,E,D,B,A,C,C,C,B,B,C,C,B,A,A,C,A,C,D,C,A,E,D,D,A,A,B,C,E,D,A,C,C,D,B,B,A,B,B,C,B,A,D,D,A,A,C,C,C,A,B,A,A,C,A,B,A,B,E,D,C,E,E,D,C,C,E,A,D,E,A,B,A,A,B,C,B,B,E,A,B,C,A,E
1715039,5,670,ING,B,C,A,E,D,B,E,A,D,B,A,C,E,B,B,E,C,C,E,A,E,B,E,C,E,B,E,D,E,D,A,D,C,C,B,B,A,C,C,E,B,D,A,A,B,C,E,B,C,B,A,C,C,B,B,D,E,A,A,B,E,D,A,D,E,E,A,A,C,D,D,B,A,A,A,B,E,D,E,E,B,E,D,E,A,C,C,A,A,A
1715040,5,470,ING,B,A,A,B,D,E,D,E,E,D,A,C,B,B,B,E,E,C,B,A,A,D,A,C,C,B,A,C,A,D,A,D,B,C,A,D,D,B,C,D,E,D,A,A,C,A,C,C,C,A,C,B,B,A,A,D,E,C,A,C,D,C,E,E,C,D,E,C,A,D,D,B,C,D,A,B,A,D,B,A,A,C,B,B,C,B,C,D,C,D
1715041,5,750,ING,B,E,C,B,D,E,D,A,E,C,D,C,C,B,B,E,A,C,E,A,E,C,A,C,D,B,D,D,C,D,A,B,A,C,E,A,A,C,C,D,B,B,A,B,B,C,E,A,C,B,A,D,D,B,C,C,C,C,D,D,E,E,C,A,A,A,B,C,D,E,E,D,C,B,A,B,C,C,D,D,D,C,C,C,B,A,D,D,C,A
1715042,5,850,ING,D,E,C,B,D,D,B,A,D,E,A,E,C,C,B,E,D,C,E,A,A,B,A,C,D,B,E,E,E,D,A,B,E,C,E,D,A,E,C,B,B,A,C,B,A,C,A,B,C,D,A,C,C,D,B,A,B,C,E,E,A,D,A,C,D,D,C,B,E,D,D,B,E,A,D,B,A,C,A,A,A,C,D,B,C,E,B,C,C,E
1715043,5,550,ING,B,A,C,B,D,D,B,A,D,E,A,C,C,B,B,A,A,C,E,A,A,C,A,C,D,B,E,D,E,D,A,B,C,C,E,D,A,C,C,C,B,A,A,D,B,A,C,B,C,B,A,C,C,A,B,D,B,B,A,E,A,A,A,C,D,D,B,A,E,D,C,B,E,D,A,B,A,D,B,B,A,B,D,C,C,A,B,B,D,D
1715045,5,480,ING,E,A,C,B,D,A,D,E,D,E,A,E,B,B,B,E,E,C,B,A,D,C,A,D,D,B,B,C,A,D,A,B,B,C,B,A,C,C,C,C,B,A,A,B,B,A,A,B,D,B,A,D,C,A,D,A,B,C,E,A,E,E,D,D,D,E,B,D,A,B,C,B,E,B,D,B,E,D,A,E,A,A,A,D,C,E,C,E,E,A
1715046,5,460,ING,D,A,C,B,D,E,D,A,D,E,A,E,C,B,B,E,A,C,A,A,A,C,A,C,D,B,B,E,E,D,A,B,B,C,E,D,A,C,C,C,D,A,A,A,A,C,C,B,C,B,A,D,C,A,C,E,B,B,E,B,E,C,A,D,D,D,A,E,B,D,A,B,A,A,A,B,A,D,B,A,B,C,D,D,A,E,E,E,D,D
1715047,5,630,ESP,B,C,A,A,B,D,B,B,D,B,D,E,D,C,D,E,D,C,A,A,D,C,E,C,D,D,E,E,E,D,A,C,E,A,E,A,E,C,C,B,B,B,A,B,B,E,D,B,E,D,C,D,D,D,D,D,D,D,E,D,D,B,D,D,D,D,D,D,D,D,D,B,A,A,A,B,A,D,A,E,A,A,A,A,A,B,C,A,A,E
1715048,5,440,ING,C,D,A,B,D,D,C,D,D,B,D,C,C,A,B,E,D,C,E,A,D,C,B,C,D,B,E,E,D,D,A,B,B,C,D,B,E,C,D,E,E,E,C,A,A,C,D,B,C,D,A,C,D,B,D,A,D,C,E,D,D,B,D,C,E,D,D,B,C,D,B,B,A,C,A,E,D,A,C,E,C,C,B,B,D,E,C,D,E,B
1715049,5,800,ING,B,A,C,B,D,E,B,A,D,E,A,E,C,C,B,E,D,C,A,A,D,B,A,C,D,B,E,E,E,D,A,A,E,C,E,B,A,C,C,D,B,E,E,E,A,B,A,B,C,B,A,C,D,A,A,E,A,C,A,B,A,C,A,C,D,E,C,A,E,D,D,C,E,A,D,B,A,D,B,C,B,C,A,B,D,E,C,A,B,A
1715050,5,420,ING,D,E,C,B,D,D,D,A,E,E,A,E,C,B,B,C,D,C,A,A,A,C,E,C,E,B,E,A,B,D,A,D,C,C,E,C,B,D,A,C,D,A,D,E,B,A,A,B,C,E,A,D,C,A,B,C,B,C,A,E,A,C,A,E,B,D,A,A,B,D,A,C,A,B,D,D,B,B,C,E,B,C,D,D,A,D,D,D,E,C
1715051,5,430,ING,D,E,C,B,C,D,B,A,E,B,A,C,C,A,B,E,D,C,A,A,A,C,E,C,D,B,D,A,E,D,E,B,A,B,E,B,A,C,A,A,B,A,A,E,B,A,E,B,E,B,A,A,D,A,B,E,B,B,A,E,E,C,A,D,D,D,B,B,A,D,B,B,E,D,D,B,C,D,B,A,B,D,B,B,C,B,D,E,B,E
1715052,5,620,ING,D,A,C,B,D,D,B,E,D,E,A,C,C,D,B,E,D,C,E,A,D,C,D,C,C,C,E,D,E,D,A,B,B,C,E,D,A,C,C,C,B,B,A,E,A,C,B,C,C,C,A,C,C,E,B,D,A,C,A,A,C,B,E,E,E,D,B,E,C,A,B,C,D,B,A,B,E,C,D,C,B,A,A,B,C,E,E,A,D,B
1715054,5,490,ING,E,A,C,E,D,D,D,E,B,B,A,C,B,A,B,C,D,C,B,A,E,B,A,C,E,B,D,E,D,D,A,D,C,E,E,D,E,C,C,C,B,E,E,E,B,E,E,B,A,B,A,C,D,E,B,D,B,C,E,E,A,B,C,B,D,C,B,D,B,A,D,B,A,A,A,B,A,A,A,A,B,C,B,B,B,E,E,E,D,A
1715055,5,490,ESP,B,B,C,D,B,D,B,C,D,B,D,E,B,B,B,E,A,C,E,A,A,C,A,D,D,B,A,E,A,D,A,B,E,C,E,D,A,C,C,E,E,A,C,E,B,B,E,B,C,B,A,D,D,D,B,D,B,E,A,E,E,C,A,B,E,D,B,C,A,B,B,C,A,A,A,B,D,C,A,A,A,C,B,E,D,C,C,A,E,B
1715058,5,700,ESP,D,C,C,A,B,A,B,E,C,E,A,C,C,D,B,E,B,C,A,A,D,B,B,C,D,B,B,E,E,D,A,A,E,C,E,C,D,E,C,D,E,D,A,E,B,A,E,B,D,B,A,D,C,D,D,D,D,B,E,E,A,D,A,C,B,C,C,E,A,A,C,B,A,A,A,C,A,C,D,D,B,A,E,E,E,B,B,E,A,E
1715059,5,670,ING,D,A,C,E,D,A,B,D,B,E,A,C,D,B,C,C,B,C,C,D,B,D,A,C,D,B,E,D,E,B,A,B,D,A,E,A,A,B,C,C,B,A,A,E,B,A,A,A,C,C,C,C,B,B,C,B,B,C,E,E,C,B,A,C,C,C,C,E,A,D,E,B,E,D,D,D,A,C,A,A,B,D,E,B,C,B,C,C,C,E
1715060,5,670,ING,D,A,C,B,D,E,B,A,D,B,A,E,C,D,B,E,D,C,E,A,D,C,A,C,D,B,D,E,E,D,A,B,B,C,E,D,C,C,C,C,B,E,C,B,B,A,A,B,C,B,A,A,C,E,C,D,B,C,A,E,A,B,A,C,E,D,B,E,E,D,A,B,E,D,D,B,E,D,B,A,B,E,B,B,C,B,D,A,B,E
1715062,5,380,ING,D,D,C,B,D,A,D,A,D,D,A,C,D,B,B,E,E,C,A,A,A,C,A,C,D,B,E,D,E,B,A,B,B,C,E,A,C,C,C,A,B,B,A,A,B,A,E,B,C,A,C,C,C,B,B,E,E,E,E,D,C,B,A,B,C,D,C,E,E,A,C,C,E,B,D,C,E,B,B,A,B,C,E,B,C,A,E,A,D,E
1715063,5,680,ING,D,A,C,D,D,E,D,E,D,D,A,C,C,D,B,D,B,C,B,A,A,B,D,C,D,B,E,A,A,D,A,B,B,C,E,B,A,C,C,C,A,B,B,A,A,E,A,B,A,B,A,D,D,D,B,B,B,D,E,E,A,B,A,A,D,C,D,E,B,D,E,C,E,B,A,E,A,A,B,A,A,C,B,B,A,E,B,C,D,E
1715064,5,730,ING,A,A,C,B,D,D,B,A,B,E,A,B,C,D,B,C,D,C,B,A,D,C,A,D,D,B,A,E,C,D,A,B,E,C,E,D,B,C,C,E,B,A,A,E,A,A,D,A,D,A,A,D,B,E,B,B,B,A,A,D,A,A,A,C,D,D,B,C,E,D,D,C,A,A,A,C,D,B,B,C,B,D,E,A,C,C,B,D,A,B
1715065,5,520,ING,D,E,C,B,D,D,D,E,D,E,A,C,C,A,B,E,E,C,A,A,D,C,B,C,D,B,D,E,E,B,A,B,B,C,E,D,A,C,C,E,A,D,A,E,B,A,A,B,C,B,A,B,D,C,B,A,B,B,E,E,A,B,C,D,D,D,A,A,A,D,C,C,E,D,D,C,E,C,D,A,D,E,B,B,D,B,C,A,E,E
1715066,5,670,ESP,B,C,C,B,B,D,D,A,D,E,D,C,C,E,B,C,D,C,C,A,A,C,E,C,E,B,D,,E,D,A,B,B,C,E,B,A,D,C,E,B,A,D,A,B,E,E,B,A,B,A,C,D,E,B,A,B,E,D,C,D,B,A,C,D,E,B,C,B,A,C,C,A,D,C,B,A,E,A,A,B,E,A,B,D,B,B,B,A,D
1715067,5,650,ING,E,E,C,B,C,D,B,B,D,B,A,C,C,B,B,E,D,C,E,A,E,B,E,C,D,B,E,D,A,D,A,B,B,C,B,D,A,C,C,C,B,D,A,E,A,A,C,B,D,B,A,B,C,A,A,D,B,C,E,D,E,A,A,B,D,E,B,E,E,D,B,A,A,A,A,B,E,A,D,B,E,D,B,E,B,B,C,D,A,E
1715068,5,370,ING,A,A,C,B,C,A,C,D,E,B,A,E,B,A,B,C,A,C,A,A,A,B,B,C,D,B,B,A,E,D,A,B,E,C,E,C,A,C,C,B,B,A,C,B,A,C,B,A,C,B,C,B,C,A,E,B,E,B,A,A,D,C,A,E,D,D,D,D,E,D,C,C,A,B,A,B,E,B,B,B,B,C,B,B,C,B,C,A,E,A
1715069,5,0,ING,C,A,B,E,D,D,A,E,B,E,A,E,B,B,B,D,E,E,A,A,D,B,B,B,D,C,B,C,E,D,A,B,A,C,B,A,A,E,C,D,E,A,B,A,A,A,E,A,E,B,C,D,B,C,E,D,D,C,E,D,A,C,E,A,D,D,A,D,B,E,E,B,B,E,D,E,C,C,A,C,A,E,C,D,B,A,D,D,C,D
1715071,5,430,ING,B,A,C,B,D,D,B,E,D,E,D,C,C,C,B,B,C,C,E,A,A,C,E,C,D,B,E,E,E,D,A,B,E,C,E,D,D,C,C,C,B,E,A,B,B,A,C,B,C,B,C,B,D,C,A,A,B,B,E,E,C,C,A,B,C,E,B,E,A,B,B,C,B,D,A,E,C,D,D,A,A,E,A,C,E,C,B,E,A,B
1715072,5,420,ESP,C,E,C,D,B,D,B,A,B,E,A,C,B,B,B,E,D,C,E,A,D,C,C,C,D,E,E,D,E,D,A,A,B,C,E,B,B,C,C,C,E,A,D,A,B,A,D,D,D,B,A,C,C,E,A,D,D,C,A,C,A,C,A,D,B,D,A,E,D,D,C,C,E,A,C,B,E,C,E,B,E,D,D,B,B,E,E,A,C,D
1715073,5,460,ING,D,A,C,B,D,D,D,A,B,E,A,E,D,B,B,C,D,C,D,A,D,C,A,C,D,B,E,D,E,D,A,B,B,A,E,B,A,C,D,B,E,B,A,A,B,A,C,A,B,D,A,B,D,C,B,D,B,B,E,D,C,A,A,C,C,C,A,E,A,D,A,D,D,D,A,B,A,C,A,D,B,C,A,B,E,D,A,B,B,D
1715074,5,850,ING,B,A,C,B,C,D,B,A,D,B,D,C,C,D,B,E,D,C,A,A,D,B,A,C,D,B,E,D,D,D,A,B,B,C,E,D,C,C,C,A,B,E,E,D,A,B,C,B,D,B,A,B,C,C,B,E,B,B,E,A,A,B,A,B,E,D,C,A,A,D,C,C,E,E,C,B,B,B,D,A,B,D,C,B,E,D,D,C,C,B
1715075,5,520,ING,D,C,D,C,D,E,C,A,E,E,A,E,C,D,B,E,E,C,A,A,D,C,E,C,A,B,E,E,E,D,A,B,C,C,E,D,C,C,C,C,A,D,D,D,B,A,E,B,D,B,A,C,B,C,E,A,B,C,A,E,E,A,A,D,E,D,A,E,E,A,E,C,B,A,A,B,B,D,B,E,B,C,A,B,A,E,A,C,E,C
1715076,5,550,ING,D,E,C,D,B,D,D,A,D,E,A,C,B,B,B,E,E,C,A,A,D,C,E,C,D,B,E,E,C,D,A,A,B,C,E,B,E,C,C,A,B,B,C,A,B,A,A,A,C,B,A,C,C,E,D,C,E,B,E,B,A,D,B,B,D,E,B,A,B,D,C,B,A,A,C,E,A,D,A,A,B,B,A,B,C,E,E,E,B,E
1715078,5,500,ING,A,E,C,D,D,E,D,E,D,B,A,C,D,D,B,A,D,C,A,A,D,B,A,C,C,B,E,A,E,D,A,C,B,C,E,B,A,B,C,D,E,B,C,A,A,A,E,C,C,E,A,D,C,D,B,D,D,A,C,E,C,C,A,D,D,D,B,E,A,C,E,A,C,A,A,A,D,A,B,A,B,D,B,B,E,A,D,B,C,A
1715079,5,510,ESP,B,D,C,B,B,E,D,E,B,E,D,C,B,D,B,E,B,C,A,D,D,B,B,C,D,B,D,E,A,D,B,A,A,C,B,D,B,C,C,A,B,A,B,D,B,A,C,C,C,E,A,B,C,D,E,C,E,C,B,D,A,C,A,E,D,A,E,D,A,D,B,D,A,D,D,B,D,C,B,A,B,C,B,A,D,A,C,C,C,B
1715080,5,640,ING,E,C,C,D,B,D,C,E,D,E,A,C,E,D,B,A,D,C,A,A,E,C,E,C,D,B,B,D,B,D,A,A,E,C,E,D,A,D,C,D,B,D,B,B,A,A,E,B,C,B,A,C,C,B,D,A,B,B,E,E,A,D,A,D,E,E,C,E,E,D,D,C,A,D,D,B,A,B,D,A,B,D,E,B,D,B,D,A,D,B
1715081,5,600,ING,D,C,C,D,C,B,B,E,E,B,A,C,C,A,B,E,D,C,E,A,D,C,E,C,D,B,D,E,B,D,A,D,E,C,D,A,E,C,C,B,D,B,E,E,A,A,C,B,B,B,D,C,C,E,E,D,D,A,A,B,C,C,A,E,D,D,E,A,C,D,D,C,A,D,A,B,B,A,A,A,B,B,D,C,A,D,E,A,A,C
1715082,5,440,ESP,E,C,A,B,B,D,D,D,D,E,D,E,C,D,B,E,A,C,E,A,A,C,C,E,D,B,E,D,E,D,A,B,C,C,E,D,A,C,C,E,B,A,A,E,B,A,C,B,C,B,A,C,C,A,B,D,B,C,E,B,C,D,A,C,D,D,D,A,E,D,B,B,D,A,D,B,E,D,B,A,B,C,B,B,E,E,C,A,C,E
1715083,5,510,ING,B,A,A,D,D,D,D,A,D,B,A,C,E,E,B,B,D,C,E,A,D,C,A,C,D,B,E,E,A,D,A,D,D,B,E,B,A,C,C,A,A,E,A,A,E,B,E,B,A,B,A,C,C,C,D,D,B,C,E,D,E,B,A,E,D,C,A,E,A,A,C,B,A,A,D,E,E,E,B,B,B,C,E,B,C,D,A,B,B,D
1715084,5,480,ING,C,A,C,B,D,A,A,A,B,B,D,E,B,B,B,E,D,C,B,A,D,C,A,C,C,D,E,E,D,D,A,B,A,C,E,A,A,C,C,A,A,A,A,E,B,C,A,A,D,D,A,B,C,B,C,E,B,B,E,E,B,A,A,D,E,C,B,A,E,D,C,C,C,A,A,B,C,C,A,B,B,C,B,B,E,E,E,A,C,A
1715085,5,620,ING,B,E,B,D,D,E,B,A,A,E,A,C,D,D,B,E,A,C,B,A,A,B,E,C,A,A,B,B,E,D,A,D,C,C,E,E,D,C,C,C,B,A,D,E,B,A,B,D,D,B,A,C,D,E,B,A,A,C,D,E,A,C,B,C,C,A,E,A,C,E,B,E,C,A,D,B,E,A,E,A,B,E,E,B,B,E,E,A,D,A
1715086,5,490,ING,B,A,E,B,D,D,D,E,E,B,B,C,C,D,A,E,A,C,B,A,D,B,B,C,D,B,B,D,E,D,A,A,B,C,E,A,B,C,D,A,A,A,A,B,B,B,E,B,D,D,A,D,B,C,D,B,B,B,A,D,B,B,C,D,E,D,B,B,C,D,D,C,C,A,A,B,A,B,D,B,B,D,B,B,C,D,C,B,C,E
1715087,5,0,ING,E,D,C,B,D,D,D,B,D,E,A,C,D,B,B,E,A,C,B,A,E,C,C,C,D,B,E,C,E,D,A,B,B,A,E,B,A,C,C,C,B,D,A,B,B,A,E,B,C,B,A,B,C,D,B,A,A,D,E,C,A,D,A,D,C,E,A,E,E,A,B,B,E,B,A,C,A,B,C,E,A,D,B,B,C,B,D,B,E,C
1715088,5,510,ING,D,A,A,B,D,B,B,E,A,C,A,C,C,B,B,E,A,C,C,A,E,B,B,C,D,B,E,E,B,D,A,B,B,C,E,A,C,B,C,C,A,D,C,A,B,A,C,B,C,B,A,A,C,A,D,E,B,C,A,B,A,D,A,E,D,E,B,D,B,D,A,C,A,A,D,B,A,C,B,A,B,C,D,B,C,A,D,B,C,E
1715090,5,660,ING,D,E,A,C,D,E,D,A,D,E,E,E,C,D,B,E,C,C,A,A,E,A,D,A,C,B,E,E,C,D,A,B,B,C,D,B,D,B,C,E,B,A,D,A,B,B,C,A,C,B,A,D,D,D,B,A,E,B,A,D,E,B,A,B,E,E,C,E,A,C,D,B,D,D,A,B,E,E,B,D,B,A,B,B,E,A,C,A,D,E
1715091,5,550,ESP,D,C,B,E,B,E,B,A,C,B,A,C,B,A,B,A,C,B,B,D,D,C,C,C,D,B,E,C,B,D,A,D,A,C,E,D,D,E,C,E,D,D,C,D,A,E,,A,A,E,D,D,B,A,A,C,B,E,C,B,C,D,D,D,D,A,B,C,C,E,D,E,A,B,C,C,B,C,A,E,B,C,B,B,A,A,E,A,B,B
1715092,5,610,ING,A,A,C,B,C,E,C,E,B,E,A,E,C,D,B,E,B,C,B,A,A,B,D,C,D,E,E,D,E,D,A,E,B,C,E,D,C,B,C,A,B,B,B,A,A,A,A,D,D,A,A,B,D,E,A,B,C,B,A,D,B,A,A,B,C,C,B,E,D,A,B,D,E,C,D,B,A,B,A,A,B,C,B,E,D,E,B,D,A,B
1715095,5,410,ING,D,A,C,B,B,E,D,E,D,E,D,C,D,D,B,E,B,C,B,A,E,C,B,C,E,B,A,C,B,D,B,D,E,C,B,B,C,C,C,A,B,C,E,D,A,D,D,B,E,D,A,B,E,A,B,E,C,A,A,D,E,D,B,B,B,E,C,D,B,C,A,D,C,C,D,C,B,B,C,A,B,C,D,B,A,B,A,D,D,C
1716001,6,470,ING,E,E,B,B,C,A,D,E,B,E,D,E,C,A,B,A,B,C,D,A,C,C,D,E,A,C,E,B,D,D,D,C,A,E,D,A,A,C,A,D,B,A,B,B,A,A,C,D,A,E,B,D,C,A,A,E,A,C,B,A,A,E,D,D,D,A,E,B,C,A,B,A,A,B,D,D,C,B,E,E,D,A,C,A,E,C,B,B,D,C
1716002,6,410,ING,B,E,C,D,A,D,B,E,A,E,A,C,E,A,C,C,D,C,A,A,A,C,A,E,D,C,E,A,E,C,C,B,B,A,E,E,B,C,C,C,D,A,C,D,B,A,B,B,C,D,E,B,C,B,B,E,E,C,E,E,A,B,A,E,D,D,B,C,E,D,A,C,C,E,D,D,B,E,A,C,C,E,D,B,C,C,B,B,C,A
1716004,6,400,ING,A,E,C,B,B,B,B,D,D,B,A,C,C,B,B,E,D,C,B,A,E,C,D,D,D,B,E,A,A,D,A,B,E,C,E,B,E,C,C,C,E,A,C,D,A,A,C,D,C,D,A,A,D,A,D,E,B,E,A,B,A,C,A,D,E,C,C,C,E,C,C,B,A,B,D,B,E,D,A,B,B,E,D,B,A,A,D,C,A,D
1716006,6,430,ING,B,A,C,D,D,D,B,A,D,B,A,C,C,D,B,B,D,C,E,A,E,D,D,C,E,B,E,A,B,D,A,B,E,C,E,D,E,B,A,C,A,A,A,B,B,E,C,B,,B,C,C,C,D,C,D,E,A,D,E,E,B,A,C,D,C,E,C,A,A,D,C,A,D,D,B,E,D,B,A,B,C,A,B,E,D,C,A,A,E
1716007,6,530,ING,D,E,C,B,D,E,C,E,D,E,E,E,C,D,B,A,D,C,A,A,D,B,D,C,C,B,E,B,B,D,A,A,B,C,E,D,A,C,C,B,E,B,A,A,B,A,C,A,C,D,A,C,E,A,C,E,B,D,A,E,A,B,A,C,D,D,D,B,D,D,E,B,E,D,A,C,E,D,C,A,B,A,B,D,E,D,C,C,A,E
1716008,6,580,ING,D,C,C,B,D,D,D,E,B,E,A,B,C,B,B,C,D,B,E,A,D,C,E,C,D,C,A,D,B,D,A,B,C,C,D,B,B,C,C,C,B,A,C,A,B,A,A,A,A,E,A,B,B,C,C,B,D,D,E,A,C,B,A,E,E,D,B,B,D,D,C,C,B,A,A,B,D,A,A,A,B,C,C,D,A,B,D,A,C,B
1716009,6,470,ING,B,A,A,B,D,D,D,D,B,E,A,E,C,D,B,E,E,C,E,A,A,B,B,C,D,B,E,A,A,D,A,E,D,C,E,D,C,C,C,E,E,B,A,A,B,A,C,A,C,B,C,D,B,B,C,E,B,D,E,B,A,B,A,B,D,D,C,A,D,D,E,C,E,D,D,D,E,A,A,A,A,A,A,E,A,A,C,A,E,C
1716010,6,380,ING,B,A,C,D,D,D,B,A,E,E,A,E,C,D,B,E,E,C,E,A,D,B,C,C,D,B,E,E,B,D,A,B,D,C,E,D,B,C,D,B,B,A,C,B,A,A,C,A,C,B,A,A,C,E,C,D,B,C,D,E,B,A,A,A,D,D,B,D,E,D,D,C,E,A,A,D,B,A,A,B,B,C,B,B,E,D,E,C,A,E
1716012,6,570,ING,D,A,C,B,A,D,B,A,E,B,A,C,B,D,B,E,D,C,E,A,A,C,A,C,D,B,E,C,E,D,A,B,B,C,E,D,C,C,C,E,D,A,A,E,B,B,B,D,C,D,C,B,D,A,B,C,B,A,A,B,C,C,A,C,D,C,B,A,A,D,C,C,B,A,D,B,B,B,A,D,B,E,D,B,D,B,C,A,E,C
1716013,6,570,ING,A,A,C,B,B,B,B,E,D,B,A,D,A,C,B,E,A,C,E,A,E,C,B,C,D,B,E,E,B,D,A,B,E,E,E,B,C,C,C,C,B,A,A,B,B,A,A,B,C,D,A,D,D,A,B,C,E,A,A,D,E,C,A,E,C,D,C,A,E,D,D,C,A,D,D,B,E,C,B,A,C,A,A,E,A,B,C,C,A,E
1716014,6,0,ING,E,A,C,B,D,E,B,A,D,B,A,C,C,D,B,A,D,C,E,A,E,B,D,C,D,B,E,E,E,D,A,B,D,C,E,D,A,C,C,E,E,B,E,E,B,E,B,B,C,D,A,A,D,A,B,A,D,D,D,E,D,C,A,D,E,A,A,E,E,D,D,B,B,E,D,B,E,B,A,A,B,C,E,E,C,E,C,A,B,E
1716015,6,500,ING,D,A,D,B,D,E,C,A,E,E,D,C,E,B,C,A,B,C,B,A,A,B,E,C,D,B,E,D,C,D,E,A,A,B,E,D,E,B,C,A,E,D,E,A,B,C,E,B,C,C,B,A,C,D,D,D,E,A,C,C,A,B,D,E,A,C,A,D,A,A,C,C,E,D,D,B,D,A,A,C,E,D,D,E,E,E,B,A,C,C
1716017,6,930,ING,B,A,C,B,D,D,D,A,D,E,A,E,C,B,B,E,D,C,A,A,D,C,A,C,D,B,E,D,E,D,A,B,B,C,E,D,A,C,C,C,A,A,E,B,B,B,A,B,C,D,A,C,D,A,D,B,B,C,E,E,A,A,A,C,D,D,A,A,E,D,C,B,E,D,D,B,E,D,C,B,B,E,A,B,D,D,A,B,D,C
1716018,6,700,ING,D,E,C,E,D,D,B,A,D,D,D,C,C,A,B,E,D,C,E,A,A,B,A,C,D,B,E,E,A,D,A,B,E,C,E,D,A,C,D,B,E,A,E,E,B,A,C,A,B,B,C,D,C,A,B,D,B,D,A,E,A,A,E,D,D,D,B,E,B,D,C,B,B,D,A,B,C,D,B,B,B,B,A,B,A,D,B,A,A,E
1716019,6,610,ING,B,B,A,B,D,D,C,E,B,E,A,E,B,A,B,E,B,B,B,A,A,C,E,C,E,B,B,D,E,D,B,A,E,C,E,A,E,B,C,A,A,B,A,A,B,E,C,C,C,E,D,D,E,A,A,E,B,A,E,E,B,B,A,D,E,D,C,D,D,A,A,A,C,A,D,B,D,A,B,E,A,E,E,B,E,A,C,E,A,A
1716022,6,630,ING,A,A,C,B,A,D,C,A,D,E,D,C,C,B,B,E,A,C,E,A,E,B,D,C,A,B,E,B,A,D,A,B,B,C,E,D,D,C,C,D,B,A,E,E,B,E,A,A,D,B,A,C,C,B,C,D,B,C,A,D,B,C,,C,D,D,B,A,A,B,E,C,E,A,C,B,D,B,B,A,B,D,D,A,C,B,D,B,E,A
1716024,6,580,ING,D,C,A,E,D,A,B,A,D,D,D,C,B,D,B,E,E,C,E,E,D,C,D,C,D,B,E,A,B,D,A,B,B,C,D,B,B,B,C,E,B,B,C,A,B,A,C,C,C,B,A,D,D,D,E,E,B,B,A,B,C,C,B,B,E,A,D,A,C,D,C,C,D,D,D,B,B,A,B,A,E,C,B,B,B,A,D,A,D,C
1716025,6,520,ING,B,A,B,B,D,D,D,A,D,E,D,C,C,B,B,A,D,B,B,A,E,C,D,C,D,B,E,C,E,D,A,B,B,C,E,E,D,A,C,A,D,E,C,D,A,A,B,C,D,E,A,B,B,D,B,E,D,C,D,B,A,B,A,C,D,D,C,E,A,B,D,C,D,A,E,B,E,A,D,A,C,D,C,B,C,B,D,A,E,D
1716040,6,610,ING,B,B,C,B,D,D,B,D,D,B,A,C,B,D,D,E,A,C,A,A,A,B,A,C,D,B,E,D,E,B,A,B,B,C,E,D,A,C,C,C,E,A,A,B,B,B,C,B,D,B,A,A,D,D,B,D,B,A,E,D,A,A,A,D,C,D,E,B,B,D,C,C,C,A,A,E,C,C,D,A,B,D,D,B,C,A,B,D,B,E
1717001,7,660,ING,A,A,C,B,C,E,B,A,D,C,A,E,C,B,B,E,B,C,A,A,D,B,E,C,D,B,E,E,A,D,A,B,C,C,D,B,C,C,C,C,B,A,A,A,B,A,C,D,C,B,A,C,C,C,B,,B,E,E,E,E,C,A,C,C,D,B,D,A,D,B,B,A,D,D,B,E,C,A,A,B,D,E,E,C,D,B,E,B,E
1717002,7,650,ING,B,A,A,D,D,B,B,E,B,E,A,E,B,B,B,E,D,C,E,A,A,C,E,C,D,B,E,E,E,D,A,B,B,C|D,E,A,B,C,C,E,B,D,A,A,A,C,C,B,C,A,A,D,C,B,E,B,E,A,E,E,E,B,A,D,D,D,C,E,E,D,E,B,D,D,D,C,B,D,A,C,B,E,B,E,C,A,E,D,B,E
1717003,7,370,ING,D,C,C,D,D,E,B,E,E,E,D,C,C,D,B,E,B,C,B,A,A,C,E,C,D,A,B,E,C,D,A,B,E,C,E,B,D,B,C,B,B,B,D,A,A,A,B,A,D,D,C,A,B,C,B,C,E,C,B,B,E,B,C,B,D,D,A,E,B,B,C,C,D,D,A,B,C,B,B,D,B,E,B,B,E,A,A,D,C,B
1717004,7,410,ESP,E,C,C,B,B,D,D,A,B,E,A,C,B,A,B,E,A,C,E,A,E,C,B,D,D,E,D,D,D,D,A,B,C,D,B,A,A,E,A,B,A,D,A,B,B,A,C,B,B,B,C,D,B,A,A,E,D,B,A,B,E,C,B,C,C,D,B,B,D,C,E,C,A,D,A,E,E,C,A,A,B,D,C,E,B,D,E,E,D,D
1717005,7,640,ING,E,A,A,B,D,E,C,A,E,B,A,C,E,B,B,A,B,C,E,A,E,B,B,C,E,B,E,D,E,D,A,B,A,C,E,A,D,B,C,E,B,A,E,E,A,A,A,A,B,B,A,C,C,A,B,D,A,A,E,B,A,B,A,E,D,D,C,E,E,A,E,C,A,B,A,E,B,C,C,B,B,D,D,B,A,A,A,E,E,A
1717006,7,430,ING,B,C,C,E,D,D,E,A,E,B,D,C,C,B,B,E,C,C,A,A,E,C,C,C,D,E,D,E,E,D,A,B,C,C,E,D,E,C,C,C,B,B,E,E,B,B,B,C,C,B,A,D,C,E,B,E,A,D,D,D,B,E,B,B,D,D,C,E,D,D,E,C,E,D,A,B,B,E,D,D,D,B,E,B,B,B,B,D,D,E
1717007,7,390,ESP,D,C,C,E,B,E,B,A,A,B,A,B,B,D,C,A,B,C,B,A,D,C,E,B,D,E,E,E,C,D,A,B,E,C,E,D,D,C,C,C,B,A,C,A,A,A,B,A,C,A,A,D,D,A,B,D,B,B,E,E,C,D,A,A,E,C,B,D,D,D,D,C,D,A,A,B,E,A,D,E,A,B,B,B,C,B,D,C,A,E
1717010,7,600,ESP,D,C,C,E,B,E,D,E,D,E,A,C,B,A,B,C,C,C,A,A,D,C,A,C,D,B,A,D,D,D,A,A,E,C,D,C,E,C,C,C,B,A,B,B,A,C,B,B,B,A,A,B,D,A,B,C,B,C,D,D,A,C,B,B,A,D,B,B,B,A,A,B,D,E,C,B,A,A,B,B,B,C,D,E,E,E,E,D,A,B
1717012,7,750,ING,D,A,D,B,D,D,B,E,D,E,A,C,B,D,B,B,D,C,E,A,A,C,D,C,E,B,D,D,A,D,A,B,B,C,E,B,E,C,C,D,B,B,E,B,B,C,C,A,E,B,A,C,D,C,C,A,B,A,E,E,A,D,A,C,D,E,B,A,D,A,B,C,A,D,D,B,D,C,B,A,B,C,E,B,A,E,E,C,C,D
1717013,7,510,ING,D,C,A,B,D,D,B,D,D,B,A,C,D,D,B,C,D,B,A,A,E,B,E,B,A,B,C,B,A,B,D,D,B,C,B,B,D,B,C,D,E,D,C,A,B,A,B,C,D,A,E,D,B,D,D,A,D,C,B,B,D,D,D,B,D,B,D,B,C,D,D,A,C,C,A,B,C,A,A,D,C,D,B,A,A,B,A,B,D,C
1717014,7,620,ESP,C,D,A,D,E,E,B,E,,B,D,C,A,C,D,A,C,B,B,A,A,C,D,C,B,D,E,A,A,D,A,B,B,A,E,D,A,C,C,D,B,A,C,B,B,D,C,B,D,C,A,D,C,D,B,A,D,C,C,A,A,A,B,E,E,B,A,C,B,D,D,B,A,C,A,B,,C,D,D,B,C,C,E,D,A,A,B,C,C
1717015,7,760,ING,D,D,C,D,D,D,B,E,D,B,D,C,C,D,C,D,A,C,B,A,E,C,E,C,D,B,A,E,E,D,E,D,A,C,E,D,C,B,C,C,B,D,A,D,B,A,B,C,D,D,D,E,B,D,C,C,D,D,C,B,C,C,C,A,E,D,B,B,B,D,E,C,D,,A,D,A,B,C,D,D,E,C,C,D,D,E,E,B,B
1717016,7,570,ING,B,E,E,B,D,D,E,A,B,B,A,C,C,D,B,B,D,C,E,A,E,B,B,C,D,B,A,D,E,D,E,B,B,C,E,D,A,B,E,C,B,A,E,E,B,A,A,B,D,E,A,B,D,D,A,D,E,B,E,C,A,B,A,C,D,D,D,E,D,C,A,A,D,A,D,C,A,B,E,,D,D,D,D,D,D,E,E,E,E
1717017,7,0,ING,D,A,D,D,E,C,C,D,E,E,A,C,B,B,B,C,B,C,C,A,E,B,D,C,B,B,E,E,C,C,A,B,C,C,D,B,E,C,C,D,B,A,A,B,C,A,B,B,D,C,A,C,A,A,B,D,E,E,E,D,E,B,C,C,E,C,A,A,D,A,E,C,E,C,D,B,C,E,E,E,A,D,B,E,A,C,A,E,E,A
1717018,7,390,ING,D,E,C,D,B,D,D,E,D,B,D,C,B,B,B,B,D,C,B,D,D,C,D,E,C,D,E,,C,E,B,,E,D,D,B,D,B,E,E,D,C,B,E,B,B,B,C,C,E,D,C,C,A,A,D,B,E,E,D,E,B,E,C,C,E,C,B,C,C,B,D,E,B,D,B,E,E,C,A,B,B,E,B,E,D,D,A,D,E
1717019,7,670,ING,D,A,C,B,D,A,D,E,D,B,A,C,C,B,B,A,D,C,E,A,E,C,C,C,D,B,B,E,C,B,E,B,E,C,E,B,B,C,C,B,B,B,A,E,A,A,B,B,C,E,C,A,C,D,E,D,C,B,B,E,A,A,C,E,B,B,D,A,C,D,B,B,B,D,A,A,D,B,E,E,C,D,A,B,B,C,D,A,B,E
1717020,7,430,ESP,B,D,E,D,A,D,D,D,B,E,B,C,D,E,B,B,B,B,C,D,B,C,C,D,E,D,B,B,D,E,D,D,B,C,D,B,D,D,B,B,B,D,E,B,C,C,C,E,B,C,C,D,D,D,B,A,B,B,B|E,B,E,B,C,C,D,B,B,D,B,D,B,B,A,A,D,B,E,C,C,E,B,B,E,E,E,D,C,B,B,E
1717021,7,610,ING,B,E,B,D,D,D,D,A,B,B,A,C,C,A,B,B,C,C,E,A,E,C,B,C,D,A,D,D,C,B,A,B,B,C,E,D,D,B,C,A,B,D,A,A,A,A,E,A,D,A,A,B,D,A,B,B,C,E,D,E,E,C,C,B,D,B,A,E,E,,,,,,,,,,,,,,,,,,,,,
1717022,7,630,ESP,D,E,C,D,B,E,C,E,E,E,A,E,C,B,A,A,D,C,A,A,E,B,B,C,D,B,A,E,E,D,A,B,B,C,B,A,E,E,A,B,E,A,D,D,A,A,E,C,A,C,C,E,B,C,C,D,A,C,A,E,B,A,A,A,B,D,A,A,E,C,B,B,D,C,A,D,B,A,C,A,B,E,D,B,C,E,A,D,C,D
1717023,7,610,ING,C,A,A,B,D,D,D,E,D,E,A,E,C,A,B,E,E,C,E,A,A,C,C,A,D,E,B,E,E,B,A,B,A,C,E,D,D,B,C,E,B,D,A,B,A,A,E,A,C,B,A,B,B,D,C,A,A,D,C,B,A,B,C,E,C,D,D,E,A,A,B,D,E,D,A,B,E,D,E,C,A,C,C,D,B,A,D,E,C,B
1717029,7,420,ING,A,B,C,D,D,D,B,A,D,B,A,C,C,A,B,E,D,C|D,E,A,E,B,C,C,D,B,E,D,D,D,A,B,B,C,D,B,B,C,D,A,B,A,C,B|D,C,A,B,C,B,D,A,A,D,B,B,D,B,B,A,A,D,C,B,D,D,E,C,D,C,A,C,C,D,B,D,D,B,C,A,B,E,B,B,B,C,B,D,A,C,E
1717030,7,520,ING,D,A,A,E,D,D,B,D,D,E,A,C,C,B,A,E,B,C,E,A,E,B,A,C,D,B,B,E,E,A,A,A,A,A,A,A,A,A,A,A,A,A,A,A,A,A,C,C,D,A,C,D,D,D,B,A,B,B,D,A,E,A,A,B,D,E,C,A,E,D,D,C,E,D,D,B,E,D,D,E,B,A,B,B,D,B,C,A,D,D
1717031,7,570,ING,B,C,C,D,D,E,D,A,B,B,A,C,C,D,B,E,A,C,E,A,A,B,C,C,D,B,E,E,E,D,A,B,C,C,E,A,A,C,C,E,B,A,A,E,A,C,B,A,D,D,A,A,C,A,A,D,E,A,D,E,B,D,B,E,D,C,D,B,D,E,A,B,C,C,D,A,B,E,E,C,A,B|D,D,A|E,B,C,C,B,B,E
1717032,7,630,ING,B,A,D,D,D,B,B,A,D,B,A,C,B,B,B,E,C,C,E,A,D,C,D,C,B,B,E,E,A,D,A,B,C,C,E,B,A,C,C,B,B,A,A,B,C,A,D,B,C,B,A,A,D,B,A,A,E,D,E,C,E,E,A,B,E,C,B,A,A,D,E,B,A,D,A,B,C,C,B,D,B,C,B,A,E,D,E,A,B,B
1717033,7,550,ING,A,D,E,E,D,E,C,A,E,E,D,C,C,D,B,E,A,C,E,A,D,B,E,C,D,B,E,E,A,B,E,D,C,C,E,B,A,C,C,D,B,A,B,C,D,C,E,A,E,C,A,B,C,D,B,D,E,C,D,E,E,,,,,,,,,,,,,,,,,,,,,,,,,,,,,
1717034,7,410,ING,E,B,C,A,E,A,B,E,D,E,A,C,C,B,A,E,E,C,E,A,E,C,D,C,D,B,B,D,A,D,A,B,B,C,E,A,B,B,D,A,B,A,B,A,E,B,A,E,C,B,A,A,E,A,A,A,C,E,A,E,B,C,D,C,D,D,A,B,E,B,C,A,E,D,D,C,E,B,A,A,E,B,B,A,C,E,A,C,C,D
1717035,7,470,ESP,D,E,C,B,B,E,C,B,E,C,A,C,D,A,C,B,B,C,C,B,B,B,B,C,C,C,B,,B,C,C,D,C,A,C,A,E,C,C,D,B,D,A,B,B,,,,D,E,A,C,C,A,B,B,E,A,C,A,C,D,A,E,C,D,B,E,B,C,B,C,E,D,A,B,B,E,E,A,B,D,E,B,E,E,D,A,E,B
1717037,7,530,ESP,A,C,E,A,C,D,E,E,B,B,D,C,D,A,B,B,D,C,D,A,A,B,C,C,B,B,D,C,C,B,A,D,C,C,B,E,C,C,C,A,A,E,B,E,B,A,E,C,D,E,C,D,B,D,C,C,B,B,D,A,D,D,B,D,C,E,B,A,E,D,C,C,A,A,D,B,E,A,A,E,A,E,D,A,B,D,D,D,D,A
1717038,7,650,ING,B,A,A,B,D,A,B,A,D,E,A,C,C,D,B,B,A,C,A,A,A,C,E,C,D,B,B,C,C,D,A,B,B,C,D,B,A,C,C,B,B,B,C,B,B,A,C,A,D,B,A,A,E,A,D,D,B,D,E,D,B,C,E,D,E,D,D,D,A,D,E,B,E,D,D,B,E,C,B,A,B,E,C,B,C,D,D,B,C,D
1717041,7,580,ING,D,C,E,B,D,A,D,E,E,E,B,B,B,A,B,A,A,C,B,A,D,B,B,D,D,B,D,A,D,D,A,B,B,C,E,A,A,C,C,A,B,C,A,E,B,A,A,C,A,D,A,A,A,B,D,E,E,C,E,D,A,D,B,E,D,D,C,C,B,A,B,E,C,A,A,B,B,D,C,D,A,D,E,B,A,E,A,C,B,D
1717043,7,740,ING,D,A,E,B,D,D,D,B,B,B,A,C,C,B,B,E,B,C,A,A,E,B,D,C,D,A,E,D,E,D,A,B,E,C,E,E,B,C,C,C,B,A,A,B,B,A,E,A,D,B,A,D,C,E,C,B,E,E,A,E,D,B,A,C,D,D,B,C,E,D,C,C,A,C,A,B,D,C,E,A,A,D,C,B,B,C,D,B,D,E
1717044,7,480,ESP,A,B,E,E,B,E,D,E,E,E,A,C,D,A,B,C,D,C,C,D,A,C,A,C,D,E,C,C,A,D,E,D,A,C,A,A,C,B,C,D,B,B,A,D,B,A,E,D,C,D,A,C,B,D,B,A,A,A,A,A,B,A,A,E,D,B,B,E,A,D,B,B,C,D,C,D,E,A,E,A,E,A,C,C,C,E,C,C,B,E
1717045,7,0,ING,D,B,A,B,D,D,B,A,B,E,A,C,B,B,B,A,D,C,B,A,E,B,C,C,D,B,D,B,C,D,A,D,B,C,E,A,C,C,C,E,B,A,A,A,B,A,A,C,D,B,B,B,C,A,B,E,B,B,A,E,E,B,C,B,C|D,D,C,A,A,D,B,C,C,B,D,B,B,A,C,A,B,C,A,E,A|E,A,A,A,E,E
1717046,7,690,ING,B,D,C,B,D,E,D,A,B,B,A,C,E,D,B,E,B,C,A,A,E,B,D,C,D,B,E,D,A,D,A,B,B,C,E,A,C,C,C,C,B,D,B,A,A,A,C,B,C,B,A,B,D,A,C,E,D,A,E,A,C,B,A,A,C,E,B,E,E,D,E,B,D,A,D,B,D,D,E,A,C,E,D,C,C,A,A,E,A,B
1717052,7,570,ING,E,A,E,B,D,D,D,E,D,B,A,E,C,A,B,E,E,C,A,A,E,B,A,C,E,B,E,D,E,D,A,B,B,C,E,D,A,C,C,D,B,A,C,A,B,A,C|E,B,C,D,A,D,C,A,B,A,B,E,E,E,D,A,D,C,D,D,B,A,B,C,B,C,A,D,A,B,E,C,E,C,A,C,B,E,C|D,B,A,E,C,D
1717055,7,660,ING,D,A,D,B,B,D,B,E,E,B,A,C,C,B,A|B,A,A,C,E,A,D,C,B,C,D,B,E,E,E,B,A,C,E,C,D,B,C,C,C,A,B,A,A,B,B,B,A,D,D,B,A,D,C,C,A,D,E,C,E,E,E,D,A,E,D,D,A,A,E,A,C,C,E,D,D,B,E,C,C,D,B,E,E,E,C,D,D,B,C,B
1717057,7,670,ING,D,A,E,B,D,D,D,A,B,B,A,C,D,C,B,E,A,C,E,A,E,C,A,C,D,A,E,C,A,D,A,B,A,C,D,D,D,C,C,C,B,B,E,E,B,B,D,C,C,B,A,C,D,D,C,A,B,E,E,C,A,C,A,C,D,D,E,C,A,E,B,C,A,C,D,B,A,E,A,B,B,C,D,C,A,C,D,D,E,B
1717059,7,510,ING,B,A,D,E,D,E,C,D,C,B,A,C,A,B,C,B,D,C,B,D,C,B,E,C,A,B,E,D,B,D,A,E,B,D,B,A,D,C,C,A,B,A,C,D,B,C,A,D,C,C,D,B,E,A,B,A,C,B,E,C,A,B,D,C,D,E,C,A,B,D,B,E,E,A,A,B,D,E,D,A,C,B,A,C,E,A,D,C,E,C
1717060,7,460,ING,D,E,A,B,B,B,B,A,D,B,A,E,D,A,B,A,C,C,C,D,C,B,B,C,E,B,E,A,D,D,C,C,B,D,B,E,C,E,B,D,B,C,B,C,A,A,A,C,C,E,D,D,C,D,E,C,E,A,E,C,C,B,E,E,B,A,C,D,B,C,D,E,A,A,D,E,B,A,D,B,B,C,A,B,D,C,A,C,A,C
1718001,8,710,ESP,C,B,A,A,B,E,B,A,D,E,A,C,C,D,B,E,D,C,A,A,D,C,B,C,D,B,D,E,E,D,A,B,B,C,E,C,A,C,C,B,E,A,B,B,B,A,C,B,C,B,D,C,C,D,B,D,B,B,E,E,E,B,A,C,C,D,C,E,E,D,B,B,C,D,A,B,C,E,A,B,B,C,A,B,E,E,C,C,A,C
1718003,8,400,ING,B,A,C,B,D,E,D,E,D,E,D,C,D,B,B,C,D,C,A,A,D,C,E,C,D,B,E,E,E,B,A,B,B,C,E,D,A,B,C,C,B,A,C,E,A,A,E,B,C,B,A,C,A,A,C,D,B,A,E,C,A,B,A,C,E,C,B,D,A,D,C,B,E,A,C,B,E,B,B,A,B,E,B,B,D,B,C,C,B,E
1718004,8,790,ING,D,A,C,B,D,E,B,A,D,B,A,C,C,B,B,E,A,C,A,A,E,C,A,C,D,B,E,E,E,D,A,B,B,C,E,D,A,B,C,A,B,A,E,B,A,A,E,A,C,D,A,D,D,A,C,B,B,C,E,B,A,A,A,D,D,D,C,E,E,D,D,C,A,D,D,B,A,C,B,A,B,C,B,B,E,E,B,B,C,A
1718005,8,690,ING,A,A,C,B,D,D,B,A,D,B,D,C,C,D,B,E,D,C,A,A,E,C,E,C,B,B,E,E,E,D,A,B,A,C,C,A,B,C,C,C,B,D,C,B,B,A,C,B,D,B,A,C,C,A,B,E,B,E,E,E,A,B,A,C,D,D,B,A,E,C,D,C,D,D,D,B,E,E,C,B,A,E,E,B,E,E,C,E,E,E
1718006,8,400,ING,B,D,D,B,D,E,B,E,D,B,A,C,C,D,B,C,A,C,E,A,A,C,E,C,D,B,E,D,E,B,A,D,B,C,E,B,B,C,C,D,B,A,D,A,D,C,E,B,D,E,A,A,D,E,D,B,E,E,E,B,C,B,A,C,D,C,B,A,A,A,D,C,A,A,D,B,E,C,A,B,C,C,E,B,D,A,C,B,C,C
1718007,8,380,ING,C,A,C,B,D,D,B,A,D,C,A,D,C,B,B,E,A,C,E,D,E,C,B,C,D,B,A,E,E,D,A,B,E,C,E,D,A,C,C,C,B,A,E,A,B,B,A,A,C,B,A,A,C,D,D,B,B,A,E,D,B,A,A,C,C,E,C,A,E,C,B,B,A,D,D,B,E,D,D,B,B,C,A,B,D,D,C,C,E,E
1718008,8,860,ING,C,A,C,B,C,D,B,A,A,B,A,E,C,C,B,E,A,C,E,A,D,C,A,C,D,B,E,E,E,D,A,B,B,C,E,D,A,C,C,E,B,B,A,B,B,C,C,B,A,B,A,D,C,C,B,D,B,B,E,E,A,B,A,C,B,B,B,C,B,A,D,B,E,D,D,B,B,D,B,B,B,D,A,D,E,E,D,A,A,E
1718011,8,490,ING,D,D,C,B,A,D,C,E,D,E,A,E,D,A,B,B,C,C,B,A,D,C,D,E,D,B,D,D,C,D,A,B,E,C,E,D,A,C,C,D,B,A,A,E,B,A,C,B,C,C,C,D,C,D,E,B,D,E,A,C,D,B,A,C,C,D,B,A,B,D,E,B,A,E,A,B,D,B,B,E,C,D,A,B,A,E,B,A,A,D
1718013,8,460,ING,D,A,B,B,D,D,D,A,D,B,A,C,C,B,B,E,D,C,A,A,D,B,E,C,D,B,E,D,B,D,A,B,E,C,E,E,C,C,C,A,B,A,E,A,E,A,C,B,C,B,A,C,D,E,E,E,B,E,E,B,E,B,A,C,D,A,C,A,E,C,B,B,E,A,A,B,C,C,A,B,B,D,A,B,C,A,D,C,A,B
1718015,8,780,ING,D,A,C,B,D,D,B,A,D,B,A,C,C,D,B,E,A,C,E,A,E,C,A,D,D,B,E,D,E,D,A,A,B,C,E,D,D,C,C,C,B,A,D,B,B,B,E,B,C,A,A,A,D,A,E,C,B,A,A,E,A,B,A,C,D,D,C,D,E,D,B,C,A,D,D,B,B,D,C,B,A,C,D,E,C,E,E,A,E,A
1719032,9,0,ING,B,A,C,B,D,D,B,E,D,B,A,C,C,D,B,E,C,C,A,A,D,B,E,C,D,B,D,E,E,D,A,B,B,C,E,B,A,C,C,A,B,B,E,B,D,A,B,D,B,B,A,B,D,C,B,A,B,B,A,B,D,B,A,B,D,D,B,E,E,D,E,C,B,A,A,C,B,D,B,B,B,C,B,D,C,E,A,A,E,A
1719019,9,440,ING,D,A,D,A,B,E,C,E,D,C,A,B,A,A,A,B,B,C,A,C,E,C,C,C,A,C,B,E,C,D,A,C,E,A,E,A,E,B,C,B,E,E,A,A,B,A,D,A,C,D,D,A,E,B,B,B,A,C,E,A,C,C,C,E,E,D,A,A,A,B,B,C,E,A,E,A,B,C,E,B,D,E,D,D,E,A,B,A,E,A
1719017,9,530,ESP,B,C,C,E,B,E,C,E,E,E,A,E,B,A,B,D,C,C,B,A,E,C,D,A,D,B,E,D,A,D,B,B,B,C,E,D,B,B,C,D,B,A,A,E,B,A,C,C,C,C,C,D,C,C,C,A,B,C,E,E,E,A,A,D,D,E,A,A,A,B,B,C,E,A,E,A,B,C,E,B,D,E,D,D,E,A,B,A,E,A
1719030,9,530,ING,D,E,D,D,C,A,C,C,B,D,D,E,D,D,D,D,B,C,B,A,C,C,E,C,D,D,B,D,E,B,D,E,B,C,E,B,B,D,C,E,B,C,D,D,C,D,C,A,A,B,A,B,B,C,B,A,D,C,E,D,A,C,B,E,C,D,B,B,D,B,C,C,B,C,D,B,C,B,D,B,B,D,B,B,A,A,E,B,A,A
1719036,9,530,ING,B,E,B,E,D,E,B,E,B,A,A,C,D,A,B,B,B,C,A,A,A,B,A,C,D,B,E,C,E,D,A,D,E,E,D,A,B,C,C,A,B,A,A,D,B,D,C,A,A,E,D,B,D,B,C,B,E,A,C,E,C,A,A,B,C,A,D,D,D,D,D,E,C,D,A,B,C,C,D,D,D,D,E,A,D,D,D,B,A,A
1719028,9,370,ING,E,C,B,D,C,E,D,C,D,B,A,B,D,B,B,A,D,C,B,A,D,C,E,A,C,B,C,C,B,C,C,A,B,C,B,D,A,C,E,D,C,A,E,E,B,C,D,C,B,E,C,B,C,B,B,E,D,C,B,E,D,A,D,C,E,D,A,D,E,D,A,C,E,D,A,B,E,A,D,E,A,E,E,B,C,C,D,B,A,A
1719039,9,0,ESP,E,D,C,B,B,E,D,E,B,B,A,C,C,D,B,A,A,C,A,A,E,C,E,C,D,C,E,E,D,D,A,D,B,C,E,D,C,B,C,E,B,A,A,D,A,A,A,B,B,B,A,A,E,D,B,E,B,C,D,E,E,D,A,C,E,A,C,A,A,A,C,C,E,A,A,B,E,A,D,E,A,E,E,B,C,C,D,B,A,A
1719040,9,410,ING,B,A,C,B,D,A,D,E,C,E,A,C,B,A,B,E,B,C,C,A,D,B,D,C,C,B,A,E,E,D,A,C,C,C,E,C,,C,C,A,A,D,C,A,A,C,D,B,A,C,E,D,D,B,C,D,C,A,D,C,C,B,A,B,C,D,C,A,E,B,D,B,C,E,A,D,C,D,A,B,D,C,E,E,E,C,B,D,A,A
1719010,9,500,ING,B,A,A,B,D,E,D,A,E,B,A,C,C,B,B,E,A,C,E,A,D,B,E,C,D,E,E,B,A,D,A,E,A,A,D,A,C,B,C,D,B,B,C,E,B,C,E,B,C,B,A,B,D,C,B,E,A,C,A,D,B,B,A,D,B,D,E,D,E,C,C,A,A,D,A,C,B,B,E,B,C,A,C,B,E,D,A,C,D,A
1719011,9,600,ING,C,B,D,E,D,E,B,A,C,E,A,E,C,C,A,A,B,C,D,A,C,B,E,D,D,B,B,A,A,D,A,B,B,C,B,A,A,B,C,D,B,B,C,A,B,A,E,C,D,A,C,C,B,C,A,B,E,A,E,C,A,B,B,C,D,B,B,A,E,C,C,E,A,A,D,E,C,A,E,B,A,C,C,D,D,D,C,A,A,A
1719001,9,360,ING,D,,A,D,D,E,A,D,C,E,A,A,C,D,,E,C,C,E,A,A,,,C,,,D,D,C,D,,A,C,,E,D,,C,C,A,,,A,,C,A,A,,C,D,A,D,C,,,A,B,B,E,A,B,B,C,D,C,D,E,C,D,D,E,B,C,A,D,B,C,E,A,B,C,E,D,B,E,D,C,D,A,A
1719004,9,500,ING,D,A,C,B,D,D,D,A,D,B,A,E,E,B,B,E,D,C,E,A,D,B,E,C,D,B,E,E,B,D,A,B,C,C,E,D,B,B,C,B,B,A,D,E,B,A,C,A,C,B,A,D,D,D,B,A,E,D,A,A,A,B,A,D,D,D,B,E,E,D,E,C,E,D,A,A,A,B,B,B,B,C,D,B,E,E,D,E,A,A
1719037,9,490,ESP,B,B,A,A,B,E,D,A,E,B,A,E,A,D,B,E,B,C,A,A,A,C,B,C,D,B,D,D,A,C,D,B,E,C,E,C,D,C,C,D,B,A,E,B,C,A,E,B,C,D,A,B,C,B,A,E,B,C,A,D,A,B,A,C,E,D,E,E,E,D,B,C,B,B,D,B,D,B,A,A,B,E,C,D,C,A,D,A,A,A
1719041,9,0,ING,B,A,A,B,D,E,C,A,B,B,A,C,D,D,B,E,E,C,E,A,D,D,C,C,D,D,E,A,E,D,A,D,B,C,E,D,C,C,C,B,B,E,A,B,A,A,D,A,C,D,A,C,B,D,B,B,E,A,E,D,D,C,B,C,D,C,C,D,E,D,E,B,E,E,A,C,B,C,B,C,B,D,B,,B,C,D,A,A,A
1719012,9,520,ING,A,A,C,C,D,D,C,A,A,E,A,E,B,A,B,C,A,C,E,D,A,B,E,C,B,B,E,D,C,D,C,D,E,A,B,D,E,C,C,B,B,A,C,E,B,B,E,A,C,D,A,B,B,E,C,B,B,A,E,E,B,B,A,E,D,D,B,D,B,D,E,A,A,B,A,B,E,D,C,A,B,E,D,A,C,A,A,A,A,A
1719018,9,670,ING,A,A,B,B,D,B,D,A,B,B,A,E,C,B,B,E,B,C,A,A,A,B,D,C,C,B,E,E,E,D,D,B,B,C,E,D,A,C,C,A,B,A,A,E,B,C,C,B,D,B,A,D,D,A,B,D,B,A,C,B,A,B,A,C,D,D,C,C,C,D,C,B,A,B,A,B,E,D,D,D,B,E,A,E,A,A,C,D,E,A
1719023,9,800,ING,A,A,C,B,D,D,D,A,D,E,A,C,E,D,B,E,E,C,E,A,A,C,E,C,D,B,D,E,A,D,A,B,B,C,E,D,C,C,C,A,E,C,D,B,B,A,B,B,D,B,A,B,C,B,B,E,B,A,A,A,E,C,A,E,E,D,B,E,C,E,D,C,B,D,A,B,B,C,B,A,B,C,D,C,B,E,E,E,A,A
1719042,9,600,ING,B,B,E,D,D,E,C,A,D,E,A,C,A,D,B,A,E,C,A,A,C,B,E,C,A,C,E,B,E,C,E,E,B,A,D,D,A,C,A,A,D,B,B,D,B,A,B,D,C,C,E,C,B,C,E,C,D,A,E,A,A,B,B,E,E,B,B,A,A,A,A,C,D,A,D,E,D,A,D,A,A,D,D,A,C,A,D,B,A,A
1719024,9,570,ING,D,C,B,C,D,D,D,A,D,E,D,C,D,E,A,B,D,C,B,A,E,C,E,D,E,C,E,D,E,D,A,A,B,C,E,B,D,A,C,B,E,B,B,B,C,B,E,B,E,D,D,D,D,C,D,D,B,A,A,E,C,B,E,C,B,E,D,E,E,D,D,B,B,E,A,E,E,C,E,A,C,E,A,B,C,C,E,A,E,A
1719043,9,590,ING,A,D,D,E,D,A,E,E,E,B,A,C,B,B,B,A,D,C,D,A,D,B,E,C,D,E,D,B,E,D,E,A,B,C,E,A,E,C,C,D,E,B,A,B,C,C,E,B,A,B,D,D,B,D,C,A,E,A,A,E,C,A,C,B,D,A,A,A,D,D,C,B,D,A,A,B,D,D,B,B,D,C,A,B,C,B,E,A,A,A
1719016,9,0,ING,D,A,D,B,D,E,C,B,E,E,A,E,C,D,B,E,B,C,E,A,D,B,C,C,D,D,E,D,E,D,C,D,B,C,E,B,D,C,C,E,B,B,B,B,B,A,B,E,C,A,D,A,B,C,A,B,E,D,E,C,D,D,A,A,D,B,C,A,E,D,A,C,A,B,B,B,B,C,A,A,A,D,D,A,C,A,D,B,A,A
1719006,9,750,ING,D,A,C,C,D,B,D,E,D,E,D,C,D,A,B,C,A,C,E,A,E,C,E,C,D,B,E,D,E,D,A,A,B,C,D,D,C,C,C,C,B,A,A,B,A,B,A,B,C,B,A,D,C,B,B,B,A,A,A,A,A,C,A,D,E,C,B,E,C,C,B,B,A,B,D,B,D,B,B,D,C,C,E,B,A,D,A,A,A,A
1719003,9,480,ING,D,B,B,D,C,A,C,E,D,E,A,C,D,B,A,D,D,E,E,E,E,B,E,B,E,B,D,C,B,D,E,B,C,C,E,C,B,B,D,D,B,C,C,D,E,A,B,B,C,A,A,D,B,B,C,D,A,A,A,B,E,D,C,B,E,C,B,E,E,D,C,E,A,D,D,B,C,C,B,A,D,C,B,C,A,A,C,A,A,A
1719029,9,530,ING,D,A,D,E,D,A,C,D,E,E,A,A,B,D,B,B,D,C,B,D,E,B,B,B,A,B,A,C,E,D,D,B,E,A,B,A,A,C,A,D,D,D,B,D,C,A,E,A,E,A,A,C,C,B,A,D,E,B,E,B,C,B,C,B,D,E,B,E,B,C,C,E,B,D,A,B,E,C,E,C,A,A,E,B,B,B,C,D,A,A
1719015,9,400,ING,E,A,C,E,D,E,B,A,B,E,A,E,B,A,B,C,B,C,E,E,D,B,C,D,E,A,A,E,D,D,A,B,E,A,E,E,B,C,C,E,B,A,C,B,A,C,C,B,C,D,A,C,C,E,B,E,E,C,A,D,B,B,E,E,C,D,A,C,B,A,E,C,E,C,A,C,A,D,D,A,B,E,D,B,E,E,A,D,A,A
1719020,9,530,ING,D,A,C,D,D,E,E,A,B,E,A,E,C,B,B,C,C,C,E,A,E,C,E,C,D,B,B,E,D,D,A,D,B,C,B,A,C,C,D,A,B,B,C,E,B,A,E,C,D,A,A,A,D,D,E,A,B,A,E,A,B,C,B,E,E,D,B,A,E,B,E,C,E,A,D,B,C,B,B,D,B,E,B,B,C,E,D,B,A,A
1719027,9,430,ING,D,D,C,B,D,D,D,A,E,E,D,C,B,A,B,E,E,C,A,A,E,B,D,C,D,C,D,E,B,D,A,B,B,C,E,B,C,C,C,A,B,A,C,A,B,A,A,D,C,B,A,A,B,D,C,C,D,B,A,B,B,C,B,B,C,B,B,B,B,D,B,B,B,A,A,B,D,B,B,B,B,A,C,E,B,B,B,A,A,A
1719044,9,0,ING,D,A,C,B,D,D,D,A,E,B,C,C,C,D,B,E,A,C,E,A,B,C,A,C,D,B,E,A,C,D,A,B,A,C,E,D,B,C,D,C,B,D,D,A,B,E,C,B,B,B,D,B,E,D,C,E,B,B,E,E,C,E,A,E,D,D,D,E,E,D,A,B,B,D,D,B,,D,B,A,B,D,E,B,C,A,E,A,A,A
1719045,9,460,ESP,D,D,B,A,B,D,D,B,D,E,D,E,C,D,B,C,A,C,A,D,E,B,A,C,E,E,E,A,C,D,A,D,E,,A,D,C,C,C,C,E,C,A,E,A,B,C,C,C,E,A,D,B,B,B,B,B,A,E,B,A,C,A,A,D,D,D,E,E,D,E,B,D,D,A,B,B,E,E,A,E,B,E,C,C,A,A,A,D,A
1719021,9,570,ING,A,B,B,C,D,E,D,A,B,E,D,E,C,B,B,C,B,C,B,A,E,B,B,C,A,B,E,E,E,D,E,B,D,C,E,B,A,B,E,E,B,C,C,E,E,A,C,C,C,B,A,B,C,C,E,D,D,A,E,D,C,C,A,A,D,C,B,E,D,C,E,A,E,D,A,B,E,D,E,A,B,B,B,D,E,A,E,A,A,A
1719046,9,380,ING,B,A,C,D,D,A,D,A,A,B,A,C,A,D,B,E,C,C,E,A,E,C,E,C,D,B,D,E,E,D,A,B,B,C,E,B,A,C,C,C,B,B,A,E,B,D,C,A,C,B,A,B,C,B,B,D,B,E,E,A,A,D,A,A,D,D,C,D,B,D,A,C,A,A,A,B,E,C,C,A,B,C,A,B,E,E,A,A,A,A
1719002,9,600,ING,C,C,C,C,B,E,B,E,E,B,A,C,C,A,B,B,B,C,A,A,A,C,D,C,E,C,D,B,E,B,A,B,B,A,D,D,C,C,D,A,B,E,C,A,B,B,E,A,E,A,C,D,C,A,C,D,A,A,E,B,C,A,D,D,B,C,A,B,C,A,E,C,D,E,B,A,B,C,C,D,E,E,B,E,A,A,A,A,D,A
1719047,9,430,ING,B,D,C,B,D,E,D,E,B,E,A,C,C,A,B,E,D,C,A,A,E,C,E,C,D,B,D,D,C,D,E,E,B,C,B,A,C,D,D,D,B,B,C,A,B,A,C,B,C,B,A,D,C,D,B,D,E,E,B,A,,D,A,E,A,D,B,E,D,D,E,D,B,D,A,E,E,C,A,E,D,C,B,D,A,D,E,A,D,A
1719048,9,530,ESP,D,C,C,B,D,A,D,E,D,E,A,E,B,E,B,B,E,C,A,A,E,B,E,C,D,B,E,D,E,B,A,B,B,C,E,E,B,C,C,A,B,B,C,A,B,A,E,C,C,B,A,B,D,C,C,D,B,C,E,B,C,B,E,A,E,D,D,D,A,B,D,D,D,A,B,B,C,E,D,E,B,D,A,E,A,A,A,A,D,A
1719038,9,430,ING,A,C,C,B,E,E,D,A,E,E,D,C,C,A,B,E,A,B,E,A,E,C,B,A,B,B,B,C,B,D,E,C,D,C,E,A,C,A,E,E,C,C,B,D,C,C,B,B,D,E,B,C,A,E,B,B,D,A,A,C,D,D,B,B,C,A,A,E,D,E,C,A,A,C,D,D,C,B,D,C,C,A,A,C,B,E,D,D,A,A
1719049,9,590,ING,B,C,B,B,D,E,D,A,B,B,A,C,D,D,B,C,B,C,E,A,A,C,B,A,D,B,D,E,A,D,A,B,C,C,D,D,C,C,C,B,B,D,A,B,C,A,A,B,C,A,A,A,C,A,E,E,B,A,A,B,D,C,E,B,E,D,C,E,D,A,E,C,A,A,A,D,C,B,D,C,C,A,A,C,B,E,D,D,A,A
1719013,9,580,ING,B,A,B,E,D,D,B,A,D,B,A,C,D,A,B,E,B,B,B,A,D,B,A,B,B,B,B,B,E,B,A,B,C,C,E,B,B,B,C,C,B,D,B,B,B,A,B,B,D,B,A,D,B,E,D,E,A,A,A,E,A,B,A,D,D,D,B,E,A,D,A,B,A,C,D,B,B,D,A,B,B,E,B,D,C,D,A,D,A,A
1719022,9,430,ING,B,A,C,B,D,E,C,A,D,E,D,E,C,B,B,E,D,C,C,A,D,B,A,C,D,B,E,A,D,D,A,B,E,C,E,D,A,B,C,B,E,A,A,A,B,A,E,B,C,C,C,C,B,B,E,D,E,B,A,D,A,B,A,B,D,D,A,A,C,D,E,B,E,D,A,B,A,C,B,E,B,C,A,B,D,E,A,E,A,A
1719005,9,420,ING,D,C,B,B,D,E,E,E,E,E,A,C,C,C,B,B,C,C,E,D,D,C,E,C,E,B,D,C,C,D,A,B,E,C,E,D,B,C,C,D,B,C,A,A,A,B,E,B,C,D,A,C,C,D,E,B,B,C,E,D,C,C,B,A,D,D,D,D,A,D,A,D,E,A,A,B,B,E,B,E,C,D,B,B,A,A,B,A,A,A
1719050,9,520,ING,D,C,C,E,D,E,D,A,C,B,A,C,E,B,B,E,D,C,C,A,D,B,B,C,D,E,A,D,E,D,B,E,B,C,D,B,A,B,A,B,B,A,C,A,B,E,B,C,C,D,A,D,D,B,C,E,C,A,E,E,E,C,A,B,C,B,C,A,D,C,E,B,E,B,D,B,B,B,D,B,C,D,E,A,A,A,B,A,A,A
1719051,9,410,ING,E,C,A,D,D,B,C,E,E,B,A,C,D,A,B,A,B,C,B,A,A,B,E,D,D,C,B,C,E,D,A,A,B,C,D,B,B,C,D,B,B,B,C,A,B,A,C,A,D,A,A,D,C,A,C,A,B,D,E,B,C,A,A,A,A,D,C,D,A,B,B,B,C,A,D,D,C,A,A,A,A,C,B,B,D,A,B,A,A,A